"RecordCategory","RecordSubCategory","StartDate","FinishDate","Details"
"Feeding","Bottle","21-Nov-2019 11:14 PM","21-Nov-2019 11:20 PM","150ml, breast milk"
"Feeding","Meal","21-Nov-2019 8:30 PM","21-Nov-2019 8:30 PM","1.0 oz sweet potatoes"
"Feeding","Bottle","21-Nov-2019 8:22 PM","21-Nov-2019 8:30 PM","200ml, breast milk"
"Feeding","Bottle","21-Nov-2019 5:18 PM","21-Nov-2019 5:25 PM","210ml, breast milk"
"Feeding","Meal","21-Nov-2019 2:16 PM","21-Nov-2019 2:16 PM","0.8 oz sweet potatoes"
"Feeding","Meal","21-Nov-2019 2:15 PM","21-Nov-2019 2:15 PM","1.0 oz peaches"
"Feeding","Bottle","21-Nov-2019 2:07 PM","21-Nov-2019 2:15 PM","180ml, breast milk"
"Feeding","Meal","21-Nov-2019 9:41 AM","21-Nov-2019 9:41 AM","1.0 oz peaches"
"Feeding","Bottle","21-Nov-2019 9:34 AM","21-Nov-2019 9:41 AM","210ml, breast milk"
"Feeding","Bottle","20-Nov-2019 11:20 PM","20-Nov-2019 11:29 PM","150ml, breast milk"
"Feeding","Bottle","20-Nov-2019 9:06 PM","20-Nov-2019 9:14 PM","180ml, breast milk"
"Feeding","Meal","20-Nov-2019 6:23 PM","20-Nov-2019 6:23 PM","1.0 oz lentils"
"Feeding","Bottle","20-Nov-2019 6:14 PM","20-Nov-2019 6:23 PM","210ml, breast milk"
"Feeding","Meal","20-Nov-2019 2:43 PM","20-Nov-2019 2:43 PM","1.0 oz lentils"
"Feeding","Bottle","20-Nov-2019 2:35 PM","20-Nov-2019 2:42 PM","210ml, breast milk"
"Feeding","Meal","20-Nov-2019 10:01 AM","20-Nov-2019 10:01 AM","1.0 oz peaches"
"Feeding","Bottle","20-Nov-2019 9:55 AM","20-Nov-2019 10:01 AM","190ml, breast milk"
"Feeding","Bottle","19-Nov-2019 11:01 PM","19-Nov-2019 11:07 PM","120ml, breast milk"
"Feeding","Meal","19-Nov-2019 8:44 PM","19-Nov-2019 8:44 PM","1.0 oz lentils"
"Feeding","Bottle","19-Nov-2019 8:25 PM","19-Nov-2019 8:33 PM","150ml, breast milk"
"Feeding","Bottle","19-Nov-2019 6:01 PM","19-Nov-2019 6:05 PM","55ml, breast milk"
"Feeding","Meal","19-Nov-2019 5:20 PM","19-Nov-2019 5:20 PM","1.0 oz sweet potatoes"
"Feeding","Bottle","19-Nov-2019 3:51 PM","19-Nov-2019 4:00 PM","180ml, breast milk"
"Feeding","Meal","19-Nov-2019 11:40 AM","19-Nov-2019 11:40 AM","1 oz sweet potatoes"
"Feeding","Bottle","19-Nov-2019 11:31 AM","19-Nov-2019 11:40 AM","200ml, breast milk"
"Feeding","Meal","19-Nov-2019 8:20 AM","19-Nov-2019 8:20 AM","1.0 oz sweet potatoes"
"Feeding","Bottle","19-Nov-2019 8:10 AM","19-Nov-2019 8:17 AM","180ml, breast milk"
"Feeding","Bottle","18-Nov-2019 11:19 PM","18-Nov-2019 11:23 PM","90ml, breast milk"
"Feeding","Meal","18-Nov-2019 8:35 PM","18-Nov-2019 8:35 PM","1 oz lentils"
"Feeding","Bottle","18-Nov-2019 8:25 PM","18-Nov-2019 8:34 PM","180ml, breast milk"
"Feeding","Meal","18-Nov-2019 4:45 PM","18-Nov-2019 4:45 PM","1.0 oz lentils"
"Feeding","Bottle","18-Nov-2019 4:35 PM","18-Nov-2019 4:45 PM","210ml, breast milk"
"Feeding","Meal","18-Nov-2019 12:45 PM","18-Nov-2019 12:45 PM","1.0 oz lentils"
"Feeding","Bottle","18-Nov-2019 12:34 PM","18-Nov-2019 12:45 PM","195ml, breast milk"
"Feeding","Meal","18-Nov-2019 9:32 AM","18-Nov-2019 9:32 AM","1.5 oz greenpeas"
"Feeding","Bottle","18-Nov-2019 9:24 AM","18-Nov-2019 9:32 AM","180ml, breast milk"
"Feeding","Bottle","17-Nov-2019 10:43 PM","17-Nov-2019 10:48 PM","150ml, breast milk"
"Feeding","Bottle","17-Nov-2019 7:35 PM","17-Nov-2019 7:42 PM","130ml, breast milk"
"Feeding","Bottle","17-Nov-2019 4:24 PM","17-Nov-2019 4:30 PM","150ml, breast milk"
"Feeding","Bottle","17-Nov-2019 11:54 AM","17-Nov-2019 12:01 PM","150ml, breast milk"
"Feeding","Bottle","17-Nov-2019 9:25 AM","17-Nov-2019 9:36 AM","205ml, breast milk"
"Feeding","Bottle","16-Nov-2019 10:23 PM","16-Nov-2019 10:30 PM","150ml, breast milk"
"Feeding","Bottle","16-Nov-2019 7:58 PM","16-Nov-2019 8:06 PM","195ml, breast milk"
"Feeding","Bottle","16-Nov-2019 4:24 PM","16-Nov-2019 4:30 PM","180ml, breast milk"
"Feeding","Bottle","16-Nov-2019 12:59 PM","16-Nov-2019 1:11 PM","220ml, breast milk"
"Feeding","Bottle","16-Nov-2019 9:29 AM","16-Nov-2019 9:40 AM","215ml, breast milk"
"Feeding","Bottle","15-Nov-2019 11:47 PM","15-Nov-2019 11:53 PM","110ml, breast milk"
"Feeding","Bottle","15-Nov-2019 10:14 PM","15-Nov-2019 10:22 PM","160ml, breast milk"
"Feeding","Bottle","15-Nov-2019 5:39 PM","15-Nov-2019 5:49 PM","210ml, breast milk"
"Feeding","Bottle","15-Nov-2019 1:32 PM","15-Nov-2019 1:41 PM","210ml, breast milk"
"Feeding","Bottle","15-Nov-2019 9:07 AM","15-Nov-2019 9:15 AM","205ml, breast milk"
"Feeding","Bottle","14-Nov-2019 10:26 PM","14-Nov-2019 10:34 PM","140ml, breast milk"
"Feeding","Bottle","14-Nov-2019 7:38 PM","14-Nov-2019 7:44 PM","150ml, breast milk"
"Feeding","Bottle","14-Nov-2019 5:07 PM","14-Nov-2019 5:16 PM","185ml, breast milk"
"Feeding","Bottle","14-Nov-2019 1:05 PM","14-Nov-2019 1:14 PM","200ml, breast milk"
"Feeding","Bottle","14-Nov-2019 9:25 AM","14-Nov-2019 9:30 AM","150ml, breast milk"
"Feeding","Bottle","13-Nov-2019 11:21 PM","13-Nov-2019 11:25 PM","60ml, breast milk"
"Feeding","Bottle","13-Nov-2019 6:46 PM","13-Nov-2019 6:55 PM","190ml, breast milk"
"Feeding","Bottle","13-Nov-2019 4:08 PM","13-Nov-2019 4:15 PM","160ml, breast milk"
"Feeding","Bottle","13-Nov-2019 1:23 PM","13-Nov-2019 1:30 PM","150ml, breast milk"
"Feeding","Bottle","13-Nov-2019 9:37 AM","13-Nov-2019 9:45 AM","160ml, breast milk"
"Feeding","Bottle","12-Nov-2019 10:53 PM","12-Nov-2019 11:02 PM","180ml, breast milk"
"Feeding","Bottle","12-Nov-2019 8:43 PM","12-Nov-2019 8:50 PM","120ml, breast milk"
"Feeding","Bottle","12-Nov-2019 5:20 PM","12-Nov-2019 5:28 PM","200ml, breast milk"
"Feeding","Bottle","12-Nov-2019 12:49 PM","12-Nov-2019 12:59 PM","210ml, breast milk"
"Feeding","Bottle","12-Nov-2019 9:29 AM","12-Nov-2019 9:35 AM","125ml, breast milk"
"Feeding","Bottle","11-Nov-2019 11:26 PM","11-Nov-2019 11:31 PM","100ml, breast milk"
"Feeding","Bottle","11-Nov-2019 8:48 PM","11-Nov-2019 8:56 PM","180ml, breast milk"
"Feeding","Bottle","11-Nov-2019 5:43 PM","11-Nov-2019 5:48 PM","170ml, breast milk"
"Feeding","Bottle","11-Nov-2019 2:05 PM","11-Nov-2019 2:12 PM","160ml, breast milk"
"Feeding","Bottle","11-Nov-2019 11:25 AM","11-Nov-2019 11:33 AM","160ml, breast milk"
"Feeding","Bottle","11-Nov-2019 8:54 AM","11-Nov-2019 9:03 AM","165ml, breast milk"
"Feeding","Bottle","10-Nov-2019 11:44 PM","10-Nov-2019 11:49 PM","90ml, breast milk"
"Feeding","Bottle","10-Nov-2019 9:36 PM","10-Nov-2019 9:44 PM","135ml, breast milk"
"Feeding","Bottle","10-Nov-2019 6:02 PM","10-Nov-2019 6:08 PM","115ml, breast milk"
"Feeding","Bottle","10-Nov-2019 3:00 PM","10-Nov-2019 3:09 PM","165ml, breast milk"
"Feeding","Bottle","10-Nov-2019 11:34 AM","10-Nov-2019 11:40 AM","175ml, breast milk"
"Feeding","Bottle","10-Nov-2019 8:29 AM","10-Nov-2019 8:37 AM","155ml, breast milk"
"Feeding","Bottle","09-Nov-2019 9:36 PM","09-Nov-2019 9:42 PM","110ml, breast milk"
"Feeding","Bottle","09-Nov-2019 5:50 PM","09-Nov-2019 6:01 PM","195ml, breast milk"
"Feeding","Bottle","09-Nov-2019 2:00 PM","09-Nov-2019 2:07 PM","135ml, breast milk"
"Feeding","Bottle","09-Nov-2019 12:08 PM","09-Nov-2019 12:15 PM","195ml, breast milk"
"Feeding","Bottle","09-Nov-2019 9:36 AM","09-Nov-2019 9:45 AM","125ml, breast milk"
"Feeding","Bottle","09-Nov-2019 7:02 AM","09-Nov-2019 7:09 AM","130ml, breast milk"
"Feeding","Bottle","08-Nov-2019 10:30 PM","08-Nov-2019 10:38 PM","130ml, breast milk"
"Feeding","Bottle","08-Nov-2019 7:36 PM","08-Nov-2019 7:44 PM","150ml, breast milk"
"Feeding","Bottle","08-Nov-2019 3:14 PM","08-Nov-2019 3:23 PM","175ml, breast milk"
"Feeding","Bottle","08-Nov-2019 12:37 PM","08-Nov-2019 12:44 PM","155ml, breast milk"
"Feeding","Bottle","08-Nov-2019 7:54 AM","08-Nov-2019 8:03 AM","155ml, breast milk"
"Feeding","Bottle","07-Nov-2019 10:18 PM","07-Nov-2019 10:26 PM","150ml, breast milk"
"Feeding","Bottle","07-Nov-2019 6:05 PM","07-Nov-2019 6:14 PM","210ml, breast milk"
"Feeding","Bottle","07-Nov-2019 2:58 PM","07-Nov-2019 3:03 PM","155ml, breast milk"
"Feeding","Bottle","07-Nov-2019 11:54 AM","07-Nov-2019 12:00 PM","155ml, breast milk"
"Feeding","Bottle","07-Nov-2019 8:46 AM","07-Nov-2019 8:57 AM","195ml, breast milk"
"Feeding","Bottle","06-Nov-2019 9:15 PM","06-Nov-2019 9:24 PM","185ml, breast milk"
"Feeding","Bottle","06-Nov-2019 5:28 PM","06-Nov-2019 5:37 PM","150ml, breast milk"
"Feeding","Bottle","06-Nov-2019 1:50 PM","06-Nov-2019 1:56 PM","150ml, breast milk"
"Feeding","Bottle","06-Nov-2019 11:18 AM","06-Nov-2019 11:27 AM","180ml, breast milk"
"Feeding","Bottle","06-Nov-2019 7:52 AM","06-Nov-2019 8:01 AM","170ml, breast milk"
"Feeding","Bottle","05-Nov-2019 10:10 PM","05-Nov-2019 10:19 PM","175ml, breast milk"
"Feeding","Bottle","05-Nov-2019 7:21 PM","05-Nov-2019 7:30 PM","170ml, breast milk"
"Feeding","Bottle","05-Nov-2019 4:44 PM","05-Nov-2019 4:51 PM","170ml, breast milk"
"Feeding","Bottle","05-Nov-2019 1:25 PM","05-Nov-2019 1:31 PM","145ml, breast milk"
"Feeding","Bottle","05-Nov-2019 9:10 AM","05-Nov-2019 9:18 AM","180ml, breast milk"
"Feeding","Bottle","04-Nov-2019 9:06 PM","04-Nov-2019 9:15 PM","195ml, breast milk"
"Feeding","Bottle","04-Nov-2019 6:39 PM","04-Nov-2019 6:45 PM","150ml, breast milk"
"Feeding","Bottle","04-Nov-2019 2:45 PM","04-Nov-2019 2:52 PM","150ml, breast milk"
"Feeding","Bottle","04-Nov-2019 11:58 AM","04-Nov-2019 12:06 PM","165ml, breast milk"
"Feeding","Bottle","04-Nov-2019 9:36 AM","04-Nov-2019 9:43 AM","150ml, breast milk"
"Feeding","Bottle","03-Nov-2019 11:34 PM","03-Nov-2019 11:41 PM","120ml, breast milk"
"Feeding","Bottle","03-Nov-2019 9:07 PM","03-Nov-2019 9:12 PM","115ml, breast milk"
"Feeding","Bottle","03-Nov-2019 6:06 PM","03-Nov-2019 6:11 PM","135ml, breast milk"
"Feeding","Bottle","03-Nov-2019 2:51 PM","03-Nov-2019 2:55 PM","105ml, breast milk"
"Feeding","Bottle","03-Nov-2019 11:27 AM","03-Nov-2019 11:35 AM","180ml, breast milk"
"Feeding","Bottle","03-Nov-2019 8:18 AM","03-Nov-2019 8:24 AM","150ml, breast milk"
"Feeding","Bottle","02-Nov-2019 10:49 PM","02-Nov-2019 10:54 PM","100ml, breast milk"
"Feeding","Bottle","02-Nov-2019 9:25 PM","02-Nov-2019 9:28 PM","80ml, breast milk"
"Feeding","Bottle","02-Nov-2019 6:54 PM","02-Nov-2019 7:03 PM","195ml, breast milk"
"Feeding","Bottle","02-Nov-2019 4:22 PM","02-Nov-2019 4:29 PM","125ml, breast milk"
"Feeding","Bottle","02-Nov-2019 1:39 PM","02-Nov-2019 1:46 PM","150ml, breast milk"
"Feeding","Bottle","02-Nov-2019 8:40 AM","02-Nov-2019 8:47 AM","160ml, breast milk"
"Feeding","Bottle","01-Nov-2019 11:30 PM","01-Nov-2019 11:35 PM","145ml, breast milk"
"Feeding","Bottle","01-Nov-2019 7:35 PM","01-Nov-2019 7:40 PM","110ml, breast milk"
"Feeding","Bottle","01-Nov-2019 6:26 PM","01-Nov-2019 6:35 PM","80ml, breast milk"
"Feeding","Bottle","01-Nov-2019 4:08 PM","01-Nov-2019 4:15 PM","160ml, breast milk"
"Feeding","Bottle","01-Nov-2019 1:37 PM","01-Nov-2019 1:42 PM","150ml, breast milk"
"Feeding","Bottle","01-Nov-2019 9:30 AM","01-Nov-2019 9:38 AM","180ml, breast milk"
"Feeding","Bottle","31-Oct-2019 11:35 PM","31-Oct-2019 11:43 PM","140ml, breast milk"
"Feeding","Bottle","31-Oct-2019 10:55 PM","31-Oct-2019 10:59 PM","45ml, breast milk"
"Feeding","Bottle","31-Oct-2019 7:04 PM","31-Oct-2019 7:10 PM","175ml, breast milk"
"Feeding","Bottle","31-Oct-2019 4:36 PM","31-Oct-2019 4:42 PM","150ml, breast milk"
"Feeding","Bottle","31-Oct-2019 12:29 PM","31-Oct-2019 12:38 PM","185ml, breast milk"
"Feeding","Bottle","31-Oct-2019 8:48 AM","31-Oct-2019 8:55 AM","160ml, breast milk"
"Feeding","Bottle","30-Oct-2019 9:05 PM","30-Oct-2019 9:12 PM","140ml, breast milk"
"Feeding","Bottle","30-Oct-2019 4:50 PM","30-Oct-2019 5:00 PM","205ml, breast milk"
"Feeding","Bottle","30-Oct-2019 2:40 PM","30-Oct-2019 2:45 PM","110ml, breast milk"
"Feeding","Bottle","30-Oct-2019 11:56 AM","30-Oct-2019 12:00 PM","100ml, breast milk"
"Feeding","Bottle","30-Oct-2019 9:09 AM","30-Oct-2019 9:15 AM","110ml, breast milk"
"Feeding","Bottle","29-Oct-2019 11:42 PM","29-Oct-2019 11:51 PM","205ml, breast milk"
"Feeding","Bottle","29-Oct-2019 9:11 PM","29-Oct-2019 9:18 PM","160ml, breast milk"
"Feeding","Bottle","29-Oct-2019 5:45 PM","29-Oct-2019 5:53 PM","175ml, breast milk"
"Feeding","Bottle","29-Oct-2019 1:17 PM","29-Oct-2019 1:27 PM","200ml, breast milk"
"Feeding","Bottle","29-Oct-2019 10:10 AM","29-Oct-2019 10:15 AM","100ml, breast milk"
"Feeding","Bottle","28-Oct-2019 11:43 PM","28-Oct-2019 11:46 PM","70ml, breast milk"
"Feeding","Bottle","28-Oct-2019 9:22 PM","28-Oct-2019 9:28 PM","145ml, breast milk"
"Feeding","Bottle","28-Oct-2019 6:35 PM","28-Oct-2019 6:40 PM","150ml, breast milk"
"Feeding","Bottle","28-Oct-2019 3:05 PM","28-Oct-2019 3:10 PM","180ml, breast milk"
"Feeding","Bottle","28-Oct-2019 12:08 PM","28-Oct-2019 12:15 PM","150ml, breast milk"
"Feeding","Bottle","28-Oct-2019 9:01 AM","28-Oct-2019 9:06 AM","175ml, breast milk"
"Feeding","Bottle","27-Oct-2019 10:42 PM","27-Oct-2019 10:50 PM","150ml, breast milk"
"Feeding","Bottle","27-Oct-2019 7:53 PM","27-Oct-2019 8:01 PM","150ml, breast milk"
"Feeding","Bottle","27-Oct-2019 4:04 PM","27-Oct-2019 4:13 PM","220ml, breast milk"
"Feeding","Bottle","27-Oct-2019 11:44 AM","27-Oct-2019 11:53 AM","230ml, breast milk"
"Feeding","Bottle","27-Oct-2019 9:09 AM","27-Oct-2019 9:15 AM","120ml, breast milk"
"Feeding","Bottle","26-Oct-2019 9:18 PM","26-Oct-2019 9:27 PM","180ml, breast milk"
"Feeding","Bottle","26-Oct-2019 4:55 PM","26-Oct-2019 5:00 PM","160ml, breast milk"
"Feeding","Bottle","26-Oct-2019 12:10 PM","26-Oct-2019 12:17 PM","140ml, breast milk"
"Feeding","Bottle","26-Oct-2019 9:00 AM","26-Oct-2019 9:07 AM","150ml, breast milk"
"Feeding","Bottle","25-Oct-2019 10:05 PM","25-Oct-2019 10:10 PM","100ml, breast milk"
"Feeding","Bottle","25-Oct-2019 8:25 PM","25-Oct-2019 8:28 PM","60ml, breast milk"
"Feeding","Bottle","25-Oct-2019 5:37 PM","25-Oct-2019 5:46 PM","175ml, breast milk"
"Feeding","Bottle","25-Oct-2019 2:30 PM","25-Oct-2019 2:35 PM","125ml, breast milk"
"Feeding","Bottle","25-Oct-2019 11:22 AM","25-Oct-2019 11:29 AM","165ml, breast milk"
"Feeding","Bottle","25-Oct-2019 7:56 AM","25-Oct-2019 8:00 AM","110ml, breast milk"
"Feeding","Bottle","24-Oct-2019 9:40 PM","24-Oct-2019 9:49 PM","175ml, breast milk"
"Feeding","Bottle","24-Oct-2019 7:10 PM","24-Oct-2019 7:16 PM","150ml, breast milk"
"Feeding","Bottle","24-Oct-2019 4:19 PM","24-Oct-2019 4:23 PM","150ml, breast milk"
"Feeding","Bottle","24-Oct-2019 12:55 PM","24-Oct-2019 1:00 PM","170ml, breast milk"
"Feeding","Bottle","24-Oct-2019 9:50 AM","24-Oct-2019 9:57 AM","150ml, breast milk"
"Feeding","Bottle","23-Oct-2019 9:36 PM","23-Oct-2019 9:43 PM","115ml, breast milk"
"Feeding","Bottle","23-Oct-2019 7:13 PM","23-Oct-2019 7:18 PM","150ml, breast milk"
"Feeding","Bottle","23-Oct-2019 3:44 PM","23-Oct-2019 3:53 PM","195ml, breast milk"
"Feeding","Bottle","23-Oct-2019 12:48 PM","23-Oct-2019 12:53 PM","150ml, breast milk"
"Feeding","Bottle","23-Oct-2019 8:45 AM","23-Oct-2019 8:49 AM","150ml, breast milk"
"Feeding","Bottle","22-Oct-2019 11:14 PM","22-Oct-2019 11:17 PM","80ml, breast milk"
"Feeding","Bottle","22-Oct-2019 9:18 PM","22-Oct-2019 9:25 PM","150ml, breast milk"
"Feeding","Bottle","22-Oct-2019 6:46 PM","22-Oct-2019 6:52 PM","100ml, breast milk"
"Feeding","Bottle","22-Oct-2019 2:43 PM","22-Oct-2019 2:51 PM","145ml, breast milk"
"Feeding","Bottle","22-Oct-2019 11:57 AM","22-Oct-2019 12:05 PM","150ml, breast milk"
"Feeding","Bottle","22-Oct-2019 8:16 AM","22-Oct-2019 8:22 AM","170ml, breast milk"
"Feeding","Bottle","21-Oct-2019 11:12 PM","21-Oct-2019 11:18 PM","135ml, breast milk"
"Feeding","Bottle","21-Oct-2019 9:00 PM","21-Oct-2019 9:06 PM","140ml, breast milk"
"Feeding","Bottle","21-Oct-2019 4:53 PM","21-Oct-2019 5:00 PM","165ml, breast milk"
"Feeding","Bottle","21-Oct-2019 12:18 PM","21-Oct-2019 12:27 PM","185ml, breast milk"
"Feeding","Bottle","21-Oct-2019 9:00 AM","21-Oct-2019 9:08 AM","160ml, breast milk"
"Feeding","Bottle","20-Oct-2019 11:11 PM","20-Oct-2019 11:18 PM","90ml, breast milk"
"Feeding","Bottle","20-Oct-2019 8:47 PM","20-Oct-2019 8:56 PM","190ml, breast milk"
"Feeding","Bottle","20-Oct-2019 5:06 PM","20-Oct-2019 5:11 PM","135ml, breast milk"
"Feeding","Bottle","20-Oct-2019 1:45 PM","20-Oct-2019 1:51 PM","120ml, breast milk"
"Feeding","Bottle","20-Oct-2019 11:08 AM","20-Oct-2019 11:15 AM","120ml, breast milk"
"Feeding","Bottle","20-Oct-2019 8:18 AM","20-Oct-2019 8:25 AM","120ml, breast milk"
"Feeding","Bottle","19-Oct-2019 10:08 PM","19-Oct-2019 10:20 PM","195ml, breast milk"
"Feeding","Bottle","19-Oct-2019 7:12 PM","19-Oct-2019 7:20 PM","150ml, breast milk"
"Feeding","Bottle","19-Oct-2019 2:55 PM","19-Oct-2019 2:59 PM","90ml, breast milk"
"Feeding","Bottle","19-Oct-2019 11:54 AM","19-Oct-2019 12:00 PM","120ml, breast milk"
"Feeding","Bottle","19-Oct-2019 8:37 AM","19-Oct-2019 8:44 AM","140ml, breast milk"
"Feeding","Bottle","18-Oct-2019 10:26 PM","18-Oct-2019 10:31 PM","80ml, breast milk"
"Feeding","Bottle","18-Oct-2019 9:39 PM","18-Oct-2019 9:40 PM","20ml, breast milk"
"Feeding","Bottle","18-Oct-2019 7:35 PM","18-Oct-2019 7:42 PM","100ml, breast milk"
"Feeding","Bottle","18-Oct-2019 4:56 PM","18-Oct-2019 5:01 PM","70ml, breast milk"
"Feeding","Bottle","18-Oct-2019 1:50 PM","18-Oct-2019 1:53 PM","75ml, breast milk"
"Feeding","Bottle","18-Oct-2019 12:03 PM","18-Oct-2019 12:06 PM","75ml, breast milk"
"Feeding","Bottle","18-Oct-2019 10:23 AM","18-Oct-2019 10:25 AM","40ml, breast milk"
"Feeding","Bottle","18-Oct-2019 8:11 AM","18-Oct-2019 8:15 AM","90ml, breast milk"
"Feeding","Bottle","17-Oct-2019 10:20 PM","17-Oct-2019 10:28 PM","140ml, breast milk"
"Feeding","Bottle","17-Oct-2019 9:11 PM","17-Oct-2019 9:14 PM","60ml, breast milk"
"Feeding","Bottle","17-Oct-2019 6:42 PM","17-Oct-2019 6:49 PM","105ml, breast milk"
"Feeding","Bottle","17-Oct-2019 2:47 PM","17-Oct-2019 2:50 PM","60ml, breast milk"
"Feeding","Bottle","17-Oct-2019 12:04 PM","17-Oct-2019 12:10 PM","100ml, breast milk"
"Feeding","Bottle","17-Oct-2019 7:39 AM","17-Oct-2019 7:45 AM","145ml, breast milk"
"Feeding","Bottle","16-Oct-2019 11:37 PM","16-Oct-2019 11:39 PM","50ml, breast milk"
"Feeding","Bottle","16-Oct-2019 9:23 PM","16-Oct-2019 9:29 PM","130ml, breast milk"
"Feeding","Bottle","16-Oct-2019 6:41 PM","16-Oct-2019 6:46 PM","125ml, breast milk"
"Feeding","Bottle","16-Oct-2019 2:37 PM","16-Oct-2019 2:38 PM","30ml, breast milk"
"Feeding","Bottle","16-Oct-2019 1:03 PM","16-Oct-2019 1:05 PM","40ml, breast milk"
"Feeding","Bottle","16-Oct-2019 11:14 AM","16-Oct-2019 11:20 AM","135ml, breast milk"
"Feeding","Bottle","16-Oct-2019 7:57 AM","16-Oct-2019 8:03 AM","120ml, breast milk"
"Feeding","Bottle","15-Oct-2019 10:27 PM","15-Oct-2019 10:33 PM","145ml, breast milk"
"Feeding","Bottle","15-Oct-2019 6:47 PM","15-Oct-2019 6:51 PM","115ml, breast milk"
"Feeding","Bottle","15-Oct-2019 3:01 PM","15-Oct-2019 3:07 PM","130ml, breast milk"
"Feeding","Bottle","15-Oct-2019 12:22 PM","15-Oct-2019 12:29 PM","135ml, breast milk"
"Feeding","Bottle","15-Oct-2019 9:10 AM","15-Oct-2019 9:17 AM","135ml, breast milk"
"Feeding","Bottle","14-Oct-2019 11:25 PM","14-Oct-2019 11:30 PM","105ml, breast milk"
"Feeding","Bottle","14-Oct-2019 9:30 PM","14-Oct-2019 9:35 PM","75ml, breast milk"
"Feeding","Bottle","14-Oct-2019 6:55 PM","14-Oct-2019 7:00 PM","105ml, breast milk"
"Feeding","Bottle","14-Oct-2019 5:10 PM","14-Oct-2019 5:15 PM","125ml, breast milk"
"Feeding","Bottle","14-Oct-2019 1:55 PM","14-Oct-2019 2:01 PM","150ml, breast milk"
"Feeding","Bottle","14-Oct-2019 9:32 AM","14-Oct-2019 9:38 AM","155ml, breast milk"
"Feeding","Bottle","13-Oct-2019 11:40 PM","13-Oct-2019 11:47 PM","130ml, breast milk"
"Feeding","Bottle","13-Oct-2019 9:35 PM","13-Oct-2019 9:40 PM","80ml, breast milk"
"Feeding","Bottle","13-Oct-2019 5:54 PM","13-Oct-2019 6:03 PM","165ml, breast milk"
"Feeding","Bottle","13-Oct-2019 4:28 PM","13-Oct-2019 4:33 PM","100ml, breast milk"
"Feeding","Bottle","13-Oct-2019 1:42 PM","13-Oct-2019 1:46 PM","75ml, breast milk"
"Feeding","Bottle","13-Oct-2019 12:20 PM","13-Oct-2019 12:24 PM","75ml, breast milk"
"Feeding","Bottle","13-Oct-2019 9:38 AM","13-Oct-2019 9:45 AM","150ml, breast milk"
"Feeding","Bottle","12-Oct-2019 11:30 PM","12-Oct-2019 11:33 PM","60ml, breast milk"
"Feeding","Bottle","12-Oct-2019 9:54 PM","12-Oct-2019 10:00 PM","130ml, breast milk"
"Feeding","Bottle","12-Oct-2019 7:15 PM","12-Oct-2019 7:19 PM","90ml, breast milk"
"Feeding","Bottle","12-Oct-2019 4:25 PM","12-Oct-2019 4:30 PM","135ml, breast milk"
"Feeding","Bottle","12-Oct-2019 2:27 PM","12-Oct-2019 2:30 PM","50ml, breast milk"
"Feeding","Bottle","12-Oct-2019 11:23 AM","12-Oct-2019 11:30 AM","160ml, breast milk"
"Feeding","Bottle","12-Oct-2019 8:44 AM","12-Oct-2019 8:51 AM","150ml, breast milk"
"Feeding","Bottle","11-Oct-2019 11:34 PM","11-Oct-2019 11:38 PM","90ml, breast milk"
"Feeding","Bottle","11-Oct-2019 9:18 PM","11-Oct-2019 9:25 PM","150ml, breast milk"
"Feeding","Bottle","11-Oct-2019 5:40 PM","11-Oct-2019 5:47 PM","150ml, breast milk"
"Feeding","Bottle","11-Oct-2019 3:58 PM","11-Oct-2019 4:00 PM","35ml, breast milk"
"Feeding","Bottle","11-Oct-2019 1:17 PM","11-Oct-2019 1:25 PM","170ml, breast milk"
"Feeding","Bottle","11-Oct-2019 11:40 AM","11-Oct-2019 11:45 AM","90ml, breast milk"
"Feeding","Bottle","11-Oct-2019 8:09 AM","11-Oct-2019 8:15 AM","150ml, breast milk"
"Feeding","Bottle","10-Oct-2019 11:25 PM","10-Oct-2019 11:32 PM","150ml, breast milk"
"Feeding","Bottle","10-Oct-2019 8:01 PM","10-Oct-2019 8:06 PM","135ml, breast milk"
"Feeding","Bottle","10-Oct-2019 6:53 PM","10-Oct-2019 6:57 PM","40ml, breast milk"
"Feeding","Bottle","10-Oct-2019 3:04 PM","10-Oct-2019 3:09 PM","120ml, breast milk"
"Feeding","Bottle","10-Oct-2019 12:13 PM","10-Oct-2019 12:19 PM","150ml, breast milk"
"Feeding","Bottle","10-Oct-2019 9:31 AM","10-Oct-2019 9:37 AM","150ml, breast milk"
"Feeding","Bottle","09-Oct-2019 10:09 PM","09-Oct-2019 10:14 PM","105ml, breast milk"
"Feeding","Bottle","09-Oct-2019 7:17 PM","09-Oct-2019 7:23 PM","150ml, breast milk"
"Feeding","Bottle","09-Oct-2019 4:43 PM","09-Oct-2019 4:51 PM","210ml, breast milk"
"Feeding","Bottle","09-Oct-2019 12:26 PM","09-Oct-2019 12:32 PM","140ml, breast milk"
"Feeding","Bottle","09-Oct-2019 9:08 AM","09-Oct-2019 9:14 AM","155ml, breast milk"
"Feeding","Bottle","08-Oct-2019 10:54 PM","08-Oct-2019 11:01 PM","135ml, breast milk"
"Feeding","Bottle","08-Oct-2019 8:08 PM","08-Oct-2019 8:10 PM","55ml, breast milk"
"Feeding","Bottle","08-Oct-2019 7:24 PM","08-Oct-2019 7:29 PM","90ml, breast milk"
"Feeding","Bottle","08-Oct-2019 5:23 PM","08-Oct-2019 5:32 PM","175ml, breast milk"
"Feeding","Bottle","08-Oct-2019 2:41 PM","08-Oct-2019 2:50 PM","215ml, breast milk"
"Feeding","Bottle","08-Oct-2019 11:07 AM","08-Oct-2019 11:13 AM","140ml, breast milk"
"Feeding","Bottle","08-Oct-2019 7:50 AM","08-Oct-2019 7:57 AM","150ml, breast milk"
"Feeding","Bottle","07-Oct-2019 11:07 PM","07-Oct-2019 11:11 PM","100ml, breast milk"
"Feeding","Bottle","07-Oct-2019 8:31 PM","07-Oct-2019 8:37 PM","130ml, breast milk"
"Feeding","Bottle","07-Oct-2019 5:39 PM","07-Oct-2019 5:45 PM","150ml, breast milk"
"Feeding","Bottle","07-Oct-2019 1:35 PM","07-Oct-2019 1:40 PM","120ml, breast milk"
"Feeding","Bottle","07-Oct-2019 11:26 AM","07-Oct-2019 11:29 AM","50ml, breast milk"
"Feeding","Bottle","07-Oct-2019 10:24 AM","07-Oct-2019 10:30 AM","130ml, breast milk"
"Feeding","Bottle","07-Oct-2019 7:25 AM","07-Oct-2019 7:30 AM","115ml, breast milk"
"Feeding","Bottle","06-Oct-2019 10:21 PM","06-Oct-2019 10:25 PM","50ml, breast milk"
"Feeding","Bottle","06-Oct-2019 8:53 PM","06-Oct-2019 8:59 PM","140ml, breast milk"
"Feeding","Bottle","06-Oct-2019 7:13 PM","06-Oct-2019 7:19 PM","175ml, breast milk"
"Feeding","Bottle","06-Oct-2019 3:48 PM","06-Oct-2019 3:54 PM","140ml, breast milk"
"Feeding","Bottle","06-Oct-2019 12:18 PM","06-Oct-2019 12:23 PM","140ml, breast milk"
"Feeding","Bottle","06-Oct-2019 10:36 AM","06-Oct-2019 10:40 AM","110ml, breast milk"
"Feeding","Bottle","06-Oct-2019 7:54 AM","06-Oct-2019 8:01 AM","180ml, breast milk"
"Feeding","Bottle","05-Oct-2019 9:58 PM","05-Oct-2019 10:04 PM","150ml, breast milk"
"Feeding","Bottle","05-Oct-2019 7:37 PM","05-Oct-2019 7:43 PM","165ml, breast milk"
"Feeding","Bottle","05-Oct-2019 4:50 PM","05-Oct-2019 4:57 PM","150ml, breast milk"
"Feeding","Bottle","05-Oct-2019 2:20 PM","05-Oct-2019 2:27 PM","150ml, breast milk"
"Feeding","Bottle","05-Oct-2019 11:11 AM","05-Oct-2019 11:17 AM","160ml, breast milk"
"Feeding","Bottle","05-Oct-2019 8:41 AM","05-Oct-2019 8:45 AM","115ml, breast milk"
"Feeding","Bottle","04-Oct-2019 11:38 PM","04-Oct-2019 11:45 PM","90ml, breast milk"
"Feeding","Bottle","04-Oct-2019 9:16 PM","04-Oct-2019 9:19 PM","50ml, breast milk"
"Feeding","Bottle","04-Oct-2019 7:34 PM","04-Oct-2019 7:40 PM","115ml, breast milk"
"Feeding","Bottle","04-Oct-2019 5:28 PM","04-Oct-2019 5:35 PM","150ml, breast milk"
"Feeding","Bottle","04-Oct-2019 1:05 PM","04-Oct-2019 1:10 PM","130ml, breast milk"
"Feeding","Bottle","04-Oct-2019 11:42 AM","04-Oct-2019 11:45 AM","80ml, breast milk"
"Feeding","Bottle","04-Oct-2019 9:14 AM","04-Oct-2019 9:20 AM","150ml, breast milk"
"Feeding","Bottle","03-Oct-2019 10:11 PM","03-Oct-2019 10:18 PM","155ml, breast milk"
"Feeding","Bottle","03-Oct-2019 8:00 PM","03-Oct-2019 8:05 PM","150ml, breast milk"
"Feeding","Bottle","03-Oct-2019 5:15 PM","03-Oct-2019 5:23 PM","210ml, breast milk"
"Feeding","Bottle","03-Oct-2019 12:45 PM","03-Oct-2019 12:52 PM","120ml, breast milk"
"Feeding","Bottle","03-Oct-2019 9:43 AM","03-Oct-2019 9:49 AM","180ml, breast milk"
"Feeding","Bottle","02-Oct-2019 10:15 PM","02-Oct-2019 10:24 PM","165ml, breast milk"
"Feeding","Bottle","02-Oct-2019 7:54 PM","02-Oct-2019 8:02 PM","180ml, breast milk"
"Feeding","Bottle","02-Oct-2019 5:17 PM","02-Oct-2019 5:23 PM","150ml, breast milk"
"Feeding","Bottle","02-Oct-2019 3:28 PM","02-Oct-2019 3:33 PM","105ml, breast milk"
"Feeding","Bottle","02-Oct-2019 12:52 PM","02-Oct-2019 12:54 PM","60ml, breast milk"
"Feeding","Bottle","02-Oct-2019 11:55 AM","02-Oct-2019 12:00 PM","90ml, breast milk"
"Feeding","Bottle","02-Oct-2019 10:04 AM","02-Oct-2019 10:10 AM","150ml, breast milk"
"Feeding","Bottle","01-Oct-2019 10:56 PM","01-Oct-2019 11:00 PM","120ml, breast milk"
"Feeding","Bottle","01-Oct-2019 7:47 PM","01-Oct-2019 7:56 PM","210ml, breast milk"
"Feeding","Bottle","01-Oct-2019 5:02 PM","01-Oct-2019 5:09 PM","150ml, breast milk"
"Feeding","Bottle","01-Oct-2019 2:24 PM","01-Oct-2019 2:30 PM","150ml, breast milk"
"Feeding","Bottle","01-Oct-2019 9:02 AM","01-Oct-2019 9:10 AM","150ml, breast milk"
"Feeding","Bottle","30-Sep-2019 11:23 PM","30-Sep-2019 11:29 PM","160ml, breast milk"
"Feeding","Bottle","30-Sep-2019 8:58 PM","30-Sep-2019 9:00 PM","30ml, breast milk"
"Feeding","Bottle","30-Sep-2019 8:00 PM","30-Sep-2019 8:00 PM","105ml, breast milk"
"Feeding","Bottle","30-Sep-2019 6:05 PM","30-Sep-2019 6:10 PM","80ml, breast milk"
"Feeding","Bottle","30-Sep-2019 3:02 PM","30-Sep-2019 3:10 PM","210ml, breast milk"
"Feeding","Bottle","30-Sep-2019 10:51 AM","30-Sep-2019 10:57 AM","150ml, breast milk"
"Feeding","Bottle","29-Sep-2019 11:10 PM","29-Sep-2019 11:15 PM","105ml, breast milk"
"Feeding","Bottle","29-Sep-2019 8:38 PM","29-Sep-2019 8:45 PM","165ml, breast milk"
"Feeding","Bottle","29-Sep-2019 6:10 PM","29-Sep-2019 6:15 PM","125ml, breast milk"
"Feeding","Bottle","29-Sep-2019 3:00 PM","29-Sep-2019 3:05 PM","120ml, breast milk"
"Feeding","Bottle","29-Sep-2019 11:40 AM","29-Sep-2019 11:47 AM","125ml, breast milk"
"Feeding","Bottle","29-Sep-2019 8:23 AM","29-Sep-2019 8:30 AM","150ml, breast milk"
"Feeding","Bottle","28-Sep-2019 10:27 PM","28-Sep-2019 10:35 PM","160ml, breast milk"
"Feeding","Bottle","28-Sep-2019 7:56 PM","28-Sep-2019 8:00 PM","85ml, breast milk"
"Feeding","Bottle","28-Sep-2019 6:20 PM","28-Sep-2019 6:25 PM","115ml, breast milk"
"Feeding","Bottle","28-Sep-2019 3:00 PM","28-Sep-2019 3:02 PM","60ml, breast milk"
"Feeding","Bottle","28-Sep-2019 12:03 PM","28-Sep-2019 12:09 PM","150ml, breast milk"
"Feeding","Bottle","28-Sep-2019 7:53 AM","28-Sep-2019 8:00 AM","150ml, breast milk"
"Feeding","Bottle","27-Sep-2019 11:05 PM","27-Sep-2019 11:12 PM","130ml, breast milk"
"Feeding","Bottle","27-Sep-2019 8:03 PM","27-Sep-2019 8:10 PM","150ml, breast milk"
"Feeding","Bottle","27-Sep-2019 4:23 PM","27-Sep-2019 4:30 PM","150ml, breast milk"
"Feeding","Bottle","27-Sep-2019 1:37 PM","27-Sep-2019 1:43 PM","150ml, breast milk"
"Feeding","Bottle","27-Sep-2019 10:40 AM","27-Sep-2019 10:45 AM","110ml, breast milk"
"Feeding","Bottle","27-Sep-2019 7:30 AM","27-Sep-2019 7:32 AM","90ml, breast milk"
"Feeding","Bottle","26-Sep-2019 11:21 PM","26-Sep-2019 11:23 PM","55ml, breast milk"
"Feeding","Bottle","26-Sep-2019 9:17 PM","26-Sep-2019 9:23 PM","185ml, breast milk"
"Feeding","Bottle","26-Sep-2019 6:59 PM","26-Sep-2019 7:04 PM","130ml, breast milk"
"Feeding","Bottle","26-Sep-2019 3:32 PM","26-Sep-2019 3:39 PM","160ml, breast milk"
"Feeding","Bottle","26-Sep-2019 10:45 AM","26-Sep-2019 10:50 AM","150ml, breast milk"
"Feeding","Bottle","25-Sep-2019 11:41 PM","25-Sep-2019 11:45 PM","105ml, breast milk"
"Feeding","Bottle","25-Sep-2019 9:49 PM","25-Sep-2019 9:56 PM","160ml, breast milk"
"Feeding","Bottle","25-Sep-2019 6:15 PM","25-Sep-2019 6:19 PM","160ml, breast milk"
"Feeding","Bottle","25-Sep-2019 2:52 PM","25-Sep-2019 3:00 PM","170ml, breast milk"
"Feeding","Bottle","25-Sep-2019 10:23 AM","25-Sep-2019 10:26 AM","150ml, breast milk"
"Feeding","Bottle","24-Sep-2019 10:31 PM","24-Sep-2019 10:37 PM","130ml, breast milk"
"Feeding","Bottle","24-Sep-2019 8:09 PM","24-Sep-2019 8:14 PM","150ml, breast milk"
"Feeding","Bottle","24-Sep-2019 5:28 PM","24-Sep-2019 5:31 PM","150ml, breast milk"
"Feeding","Bottle","24-Sep-2019 2:16 PM","24-Sep-2019 2:20 PM","150ml, breast milk"
"Feeding","Bottle","24-Sep-2019 11:14 AM","24-Sep-2019 11:21 AM","150ml, breast milk"
"Feeding","Bottle","23-Sep-2019 11:33 PM","23-Sep-2019 11:36 PM","60ml, breast milk"
"Feeding","Bottle","23-Sep-2019 9:25 PM","23-Sep-2019 9:32 PM","150ml, breast milk"
"Feeding","Bottle","23-Sep-2019 7:39 PM","23-Sep-2019 7:44 PM","110ml, breast milk"
"Feeding","Bottle","23-Sep-2019 5:01 PM","23-Sep-2019 5:08 PM","120ml, breast milk"
"Feeding","Bottle","23-Sep-2019 2:37 PM","23-Sep-2019 2:42 PM","90ml, breast milk"
"Feeding","Bottle","23-Sep-2019 11:21 AM","23-Sep-2019 11:27 AM","135ml, breast milk"
"Feeding","Bottle","23-Sep-2019 3:28 AM","23-Sep-2019 3:35 AM","140ml, breast milk"
"Feeding","Bottle","22-Sep-2019 10:43 PM","22-Sep-2019 10:51 PM","150ml, breast milk"
"Feeding","Bottle","22-Sep-2019 8:13 PM","22-Sep-2019 8:16 PM","50ml, breast milk"
"Feeding","Bottle","22-Sep-2019 5:05 PM","22-Sep-2019 5:11 PM","145ml, breast milk"
"Feeding","Bottle","22-Sep-2019 1:44 PM","22-Sep-2019 1:47 PM","75ml, breast milk"
"Feeding","Bottle","22-Sep-2019 12:01 PM","22-Sep-2019 12:07 PM","90ml, breast milk"
"Feeding","Bottle","22-Sep-2019 9:15 AM","22-Sep-2019 9:24 AM","145ml, breast milk"
"Feeding","Bottle","22-Sep-2019 4:05 AM","22-Sep-2019 4:10 AM","85ml, breast milk"
"Feeding","Bottle","21-Sep-2019 11:20 PM","21-Sep-2019 11:24 PM","65ml, breast milk"
"Feeding","Bottle","21-Sep-2019 10:05 PM","21-Sep-2019 10:10 PM","85ml, breast milk"
"Feeding","Bottle","21-Sep-2019 7:24 PM","21-Sep-2019 7:31 PM","150ml, breast milk"
"Feeding","Bottle","21-Sep-2019 3:52 PM","21-Sep-2019 3:56 PM","90ml, breast milk"
"Feeding","Bottle","21-Sep-2019 12:38 PM","21-Sep-2019 12:45 PM","160ml, breast milk"
"Feeding","Bottle","21-Sep-2019 10:25 AM","21-Sep-2019 10:29 AM","120ml, breast milk"
"Feeding","Bottle","21-Sep-2019 5:23 AM","21-Sep-2019 5:29 AM","120ml, breast milk"
"Feeding","Bottle","20-Sep-2019 10:28 PM","20-Sep-2019 10:36 PM","145ml, breast milk"
"Feeding","Bottle","20-Sep-2019 8:24 PM","20-Sep-2019 8:30 PM","100ml, breast milk"
"Feeding","Bottle","20-Sep-2019 5:03 PM","20-Sep-2019 5:10 PM","150ml, breast milk"
"Feeding","Bottle","20-Sep-2019 2:29 PM","20-Sep-2019 2:32 PM","50ml, breast milk"
"Feeding","Bottle","20-Sep-2019 11:24 AM","20-Sep-2019 11:30 AM","120ml, breast milk"
"Feeding","Bottle","20-Sep-2019 9:00 AM","20-Sep-2019 9:06 AM","130ml, breast milk"
"Feeding","Bottle","19-Sep-2019 10:26 PM","19-Sep-2019 10:32 PM","130ml, breast milk"
"Feeding","Bottle","19-Sep-2019 8:32 PM","19-Sep-2019 8:37 PM","120ml, breast milk"
"Feeding","Bottle","19-Sep-2019 4:55 PM","19-Sep-2019 5:03 PM","150ml, breast milk"
"Feeding","Bottle","19-Sep-2019 1:03 PM","19-Sep-2019 1:10 PM","140ml, breast milk"
"Feeding","Bottle","19-Sep-2019 8:20 AM","19-Sep-2019 8:28 AM","165ml, breast milk"
"Feeding","Bottle","18-Sep-2019 11:24 PM","18-Sep-2019 11:31 PM","110ml, breast milk"
"Feeding","Bottle","18-Sep-2019 9:06 PM","18-Sep-2019 9:15 PM","150ml, breast milk"
"Feeding","Bottle","18-Sep-2019 5:12 PM","18-Sep-2019 5:19 PM","150ml, breast milk"
"Feeding","Bottle","18-Sep-2019 11:58 AM","18-Sep-2019 12:06 PM","135ml, breast milk"
"Feeding","Bottle","18-Sep-2019 7:38 AM","18-Sep-2019 7:46 AM","150ml, breast milk"
"Feeding","Bottle","17-Sep-2019 11:30 PM","17-Sep-2019 11:34 PM","95ml, breast milk"
"Feeding","Bottle","17-Sep-2019 7:31 PM","17-Sep-2019 7:35 PM","95ml, breast milk"
"Feeding","Bottle","17-Sep-2019 5:53 PM","17-Sep-2019 6:00 PM","150ml, breast milk"
"Feeding","Bottle","17-Sep-2019 2:25 PM","17-Sep-2019 2:33 PM","130ml, breast milk"
"Feeding","Bottle","17-Sep-2019 12:24 PM","17-Sep-2019 12:30 PM","120ml, breast milk"
"Feeding","Bottle","17-Sep-2019 8:38 AM","17-Sep-2019 8:45 AM","150ml, breast milk"
"Feeding","Bottle","16-Sep-2019 11:06 PM","16-Sep-2019 11:15 PM","140ml, breast milk"
"Feeding","Bottle","16-Sep-2019 6:46 PM","16-Sep-2019 6:54 PM","150ml, breast milk"
"Feeding","Bottle","16-Sep-2019 4:28 PM","16-Sep-2019 4:35 PM","150ml, breast milk"
"Feeding","Bottle","16-Sep-2019 1:57 PM","16-Sep-2019 2:07 PM","190ml, breast milk"
"Feeding","Bottle","16-Sep-2019 8:40 AM","16-Sep-2019 8:50 AM","190ml, breast milk"
"Feeding","Bottle","15-Sep-2019 8:37 PM","15-Sep-2019 8:45 PM","130ml, breast milk"
"Feeding","Bottle","15-Sep-2019 6:31 PM","15-Sep-2019 6:34 PM","75ml, breast milk"
"Feeding","Bottle","15-Sep-2019 2:40 PM","15-Sep-2019 2:46 PM","125ml, breast milk"
"Feeding","Bottle","15-Sep-2019 10:53 AM","15-Sep-2019 11:00 AM","150ml, breast milk"
"Feeding","Bottle","15-Sep-2019 8:08 AM","15-Sep-2019 8:15 AM","150ml, breast milk"
"Feeding","Bottle","14-Sep-2019 10:53 PM","14-Sep-2019 10:59 PM","110ml, breast milk"
"Feeding","Bottle","14-Sep-2019 9:21 PM","14-Sep-2019 9:24 PM","65ml, breast milk"
"Feeding","Bottle","14-Sep-2019 7:21 PM","14-Sep-2019 7:27 PM","85ml, breast milk"
"Feeding","Bottle","14-Sep-2019 5:17 PM","14-Sep-2019 5:21 PM","70ml, breast milk"
"Feeding","Bottle","14-Sep-2019 2:07 PM","14-Sep-2019 2:15 PM","150ml, breast milk"
"Feeding","Bottle","14-Sep-2019 10:52 AM","14-Sep-2019 11:00 AM","150ml, breast milk"
"Feeding","Bottle","14-Sep-2019 7:45 AM","14-Sep-2019 7:53 AM","150ml, breast milk"
"Feeding","Bottle","13-Sep-2019 10:28 PM","13-Sep-2019 10:33 PM","110ml, breast milk"
"Feeding","Bottle","13-Sep-2019 8:58 PM","13-Sep-2019 9:01 PM","30ml, breast milk"
"Feeding","Bottle","13-Sep-2019 6:37 PM","13-Sep-2019 6:45 PM","150ml, breast milk"
"Feeding","Bottle","13-Sep-2019 4:08 PM","13-Sep-2019 4:15 PM","150ml, breast milk"
"Feeding","Bottle","13-Sep-2019 12:24 PM","13-Sep-2019 12:34 PM","180ml, breast milk"
"Feeding","Bottle","13-Sep-2019 8:24 AM","13-Sep-2019 8:30 AM","120ml, breast milk"
"Feeding","Bottle","12-Sep-2019 11:26 PM","12-Sep-2019 11:31 PM","110ml, breast milk"
"Feeding","Bottle","12-Sep-2019 8:05 PM","12-Sep-2019 8:14 PM","135ml, breast milk"
"Feeding","Bottle","12-Sep-2019 5:30 PM","12-Sep-2019 5:36 PM","75ml, breast milk"
"Feeding","Bottle","12-Sep-2019 1:44 PM","12-Sep-2019 1:50 PM","120ml, breast milk"
"Feeding","Bottle","12-Sep-2019 11:33 AM","12-Sep-2019 11:41 AM","150ml, breast milk"
"Feeding","Bottle","12-Sep-2019 7:57 AM","12-Sep-2019 8:05 AM","120ml, breast milk"
"Feeding","Bottle","11-Sep-2019 11:02 PM","11-Sep-2019 11:07 PM","90ml, breast milk"
"Feeding","Bottle","11-Sep-2019 9:40 PM","11-Sep-2019 9:46 PM","75ml, breast milk"
"Feeding","Bottle","11-Sep-2019 8:57 PM","11-Sep-2019 8:59 PM","40ml, breast milk"
"Feeding","Bottle","11-Sep-2019 7:13 PM","11-Sep-2019 7:21 PM","150ml, breast milk"
"Feeding","Bottle","11-Sep-2019 4:07 PM","11-Sep-2019 4:11 PM","60ml, breast milk"
"Feeding","Bottle","11-Sep-2019 12:24 PM","11-Sep-2019 12:29 PM","60ml, breast milk"
"Feeding","Bottle","11-Sep-2019 11:23 AM","11-Sep-2019 11:30 AM","150ml, breast milk"
"Feeding","Bottle","11-Sep-2019 9:35 AM","11-Sep-2019 9:38 AM","65ml, breast milk"
"Feeding","Bottle","11-Sep-2019 7:45 AM","11-Sep-2019 7:52 AM","140ml, breast milk"
"Feeding","Bottle","10-Sep-2019 8:00 PM","10-Sep-2019 8:09 PM","150ml, breast milk"
"Feeding","Bottle","10-Sep-2019 5:15 PM","10-Sep-2019 5:23 PM","140ml, breast milk"
"Feeding","Bottle","10-Sep-2019 2:35 PM","10-Sep-2019 2:45 PM","170ml, breast milk"
"Feeding","Bottle","10-Sep-2019 10:00 AM","10-Sep-2019 10:08 AM","110ml, breast milk"
"Feeding","Bottle","10-Sep-2019 7:27 AM","10-Sep-2019 7:36 AM","130ml, breast milk"
"Feeding","Bottle","09-Sep-2019 9:57 PM","09-Sep-2019 10:00 PM","70ml, breast milk"
"Feeding","Bottle","09-Sep-2019 8:55 PM","09-Sep-2019 9:00 PM","95ml, breast milk"
"Feeding","Bottle","09-Sep-2019 6:00 PM","09-Sep-2019 6:07 PM","130ml, breast milk"
"Feeding","Bottle","09-Sep-2019 3:07 PM","09-Sep-2019 3:16 PM","125ml, breast milk"
"Feeding","Bottle","09-Sep-2019 11:28 AM","09-Sep-2019 11:35 AM","140ml, breast milk"
"Feeding","Bottle","09-Sep-2019 8:21 AM","09-Sep-2019 8:30 AM","185ml, breast milk"
"Feeding","Bottle","08-Sep-2019 11:41 PM","08-Sep-2019 11:45 PM","45ml, breast milk"
"Feeding","Bottle","08-Sep-2019 8:15 PM","08-Sep-2019 8:20 PM","120ml, breast milk"
"Feeding","Bottle","08-Sep-2019 5:18 PM","08-Sep-2019 5:27 PM","150ml, breast milk"
"Feeding","Bottle","08-Sep-2019 3:22 PM","08-Sep-2019 3:29 PM","110ml, breast milk"
"Feeding","Bottle","08-Sep-2019 10:11 AM","08-Sep-2019 10:19 AM","150ml, breast milk"
"Feeding","Bottle","08-Sep-2019 7:37 AM","08-Sep-2019 7:45 AM","150ml, breast milk"
"Feeding","Bottle","07-Sep-2019 8:23 PM","07-Sep-2019 8:30 PM","150ml, breast milk"
"Feeding","Bottle","07-Sep-2019 4:22 PM","07-Sep-2019 4:30 PM","150ml, breast milk"
"Feeding","Bottle","07-Sep-2019 1:07 PM","07-Sep-2019 1:16 PM","170ml, breast milk"
"Feeding","Bottle","07-Sep-2019 8:26 AM","07-Sep-2019 8:33 AM","130ml, breast milk"
"Feeding","Bottle","06-Sep-2019 8:20 PM","06-Sep-2019 8:25 PM","120ml, breast milk"
"Feeding","Bottle","06-Sep-2019 2:07 PM","06-Sep-2019 2:15 PM","120ml, breast milk"
"Feeding","Bottle","06-Sep-2019 11:06 AM","06-Sep-2019 11:15 AM","150ml, breast milk"
"Feeding","Bottle","06-Sep-2019 7:39 AM","06-Sep-2019 7:45 AM","150ml, breast milk"
"Feeding","Bottle","05-Sep-2019 7:55 PM","05-Sep-2019 8:02 PM","125ml, breast milk"
"Feeding","Bottle","05-Sep-2019 5:15 PM","05-Sep-2019 5:23 PM","150ml, breast milk"
"Feeding","Bottle","05-Sep-2019 12:57 PM","05-Sep-2019 1:05 PM","180ml, breast milk"
"Feeding","Bottle","05-Sep-2019 8:58 AM","05-Sep-2019 9:03 AM","145ml, breast milk"
"Feeding","Bottle","04-Sep-2019 8:54 PM","04-Sep-2019 9:00 PM","120ml, breast milk"
"Feeding","Bottle","04-Sep-2019 5:40 PM","04-Sep-2019 5:45 PM","120ml, breast milk"
"Feeding","Bottle","04-Sep-2019 2:22 PM","04-Sep-2019 2:30 PM","150ml, breast milk"
"Feeding","Bottle","04-Sep-2019 10:06 AM","04-Sep-2019 10:13 AM","120ml, breast milk"
"Feeding","Bottle","04-Sep-2019 7:25 AM","04-Sep-2019 7:32 AM","160ml, breast milk"
"Feeding","Bottle","03-Sep-2019 9:38 PM","03-Sep-2019 9:45 PM","140ml, breast milk"
"Feeding","Bottle","03-Sep-2019 6:53 PM","03-Sep-2019 7:00 PM","150ml, breast milk"
"Feeding","Bottle","03-Sep-2019 2:37 PM","03-Sep-2019 2:45 PM","150ml, breast milk"
"Feeding","Bottle","03-Sep-2019 11:46 AM","03-Sep-2019 11:54 AM","140ml, breast milk"
"Feeding","Bottle","03-Sep-2019 8:45 AM","03-Sep-2019 8:52 AM","150ml, breast milk"
"Feeding","Bottle","02-Sep-2019 10:30 PM","02-Sep-2019 10:44 PM","160ml, breast milk"
"Feeding","Bottle","02-Sep-2019 8:30 PM","02-Sep-2019 8:37 PM","150ml, breast milk"
"Feeding","Bottle","02-Sep-2019 5:17 PM","02-Sep-2019 5:25 PM","160ml, breast milk"
"Feeding","Bottle","02-Sep-2019 1:43 PM","02-Sep-2019 1:50 PM","150ml, breast milk"
"Feeding","Bottle","02-Sep-2019 7:45 AM","02-Sep-2019 7:51 AM","140ml, breast milk"
"Feeding","Bottle","01-Sep-2019 9:58 PM","01-Sep-2019 10:05 PM","105ml, breast milk"
"Feeding","Bottle","01-Sep-2019 7:39 PM","01-Sep-2019 7:46 PM","155ml, breast milk"
"Feeding","Bottle","01-Sep-2019 3:00 PM","01-Sep-2019 3:03 PM","75ml, breast milk"
"Feeding","Bottle","01-Sep-2019 2:24 PM","01-Sep-2019 2:30 PM","130ml, breast milk"
"Feeding","Bottle","01-Sep-2019 8:26 AM","01-Sep-2019 8:34 AM","150ml, breast milk"
"Feeding","Bottle","31-Aug-2019 9:55 PM","31-Aug-2019 9:58 PM","50ml, breast milk"
"Feeding","Bottle","31-Aug-2019 8:01 PM","31-Aug-2019 8:07 PM","105ml, breast milk"
"Feeding","Bottle","31-Aug-2019 5:45 PM","31-Aug-2019 5:51 PM","95ml, breast milk"
"Feeding","Bottle","31-Aug-2019 3:41 PM","31-Aug-2019 3:50 PM","160ml, breast milk"
"Feeding","Bottle","31-Aug-2019 11:20 AM","31-Aug-2019 11:27 AM","130ml, breast milk"
"Feeding","Bottle","31-Aug-2019 8:27 AM","31-Aug-2019 8:34 AM","150ml, breast milk"
"Feeding","Bottle","30-Aug-2019 10:06 PM","30-Aug-2019 10:13 PM","150ml, breast milk"
"Feeding","Bottle","30-Aug-2019 6:37 PM","30-Aug-2019 6:45 PM","150ml, breast milk"
"Feeding","Bottle","30-Aug-2019 3:12 PM","30-Aug-2019 3:20 PM","150ml, breast milk"
"Feeding","Bottle","30-Aug-2019 12:14 PM","30-Aug-2019 12:22 PM","150ml, breast milk"
"Feeding","Bottle","30-Aug-2019 7:28 AM","30-Aug-2019 7:37 AM","155ml, breast milk"
"Feeding","Bottle","29-Aug-2019 9:41 PM","29-Aug-2019 9:45 PM","85ml, breast milk"
"Feeding","Bottle","29-Aug-2019 7:04 PM","29-Aug-2019 7:12 PM","150ml, breast milk"
"Feeding","Bottle","29-Aug-2019 4:24 PM","29-Aug-2019 4:26 PM","30ml, breast milk"
"Feeding","Bottle","29-Aug-2019 3:30 PM","29-Aug-2019 3:33 PM","30ml, breast milk"
"Feeding","Bottle","29-Aug-2019 12:08 PM","29-Aug-2019 12:20 PM","180ml, breast milk"
"Feeding","Bottle","29-Aug-2019 9:04 AM","29-Aug-2019 9:12 AM","195ml, breast milk"
"Feeding","Bottle","28-Aug-2019 10:26 PM","28-Aug-2019 10:34 PM","150ml, breast milk"
"Feeding","Bottle","28-Aug-2019 8:00 PM","28-Aug-2019 8:09 PM","150ml, breast milk"
"Feeding","Bottle","28-Aug-2019 3:33 PM","28-Aug-2019 3:44 PM","195ml, breast milk"
"Feeding","Bottle","28-Aug-2019 11:30 AM","28-Aug-2019 11:34 AM","90ml, breast milk"
"Feeding","Bottle","28-Aug-2019 9:14 AM","28-Aug-2019 9:22 AM","150ml, breast milk"
"Feeding","Bottle","27-Aug-2019 9:14 PM","27-Aug-2019 9:24 PM","150ml, breast milk"
"Feeding","Bottle","27-Aug-2019 7:08 PM","27-Aug-2019 7:16 PM","150ml, breast milk"
"Feeding","Bottle","27-Aug-2019 5:12 PM","27-Aug-2019 5:15 PM","45ml, breast milk"
"Feeding","Bottle","27-Aug-2019 3:12 PM","27-Aug-2019 3:17 PM","105ml, breast milk"
"Feeding","Bottle","27-Aug-2019 1:14 PM","27-Aug-2019 1:25 PM","180ml, breast milk"
"Feeding","Bottle","27-Aug-2019 7:15 AM","27-Aug-2019 7:26 AM","180ml, breast milk"
"Feeding","Bottle","26-Aug-2019 9:13 PM","26-Aug-2019 9:24 PM","130ml, breast milk"
"Feeding","Bottle","26-Aug-2019 7:18 PM","26-Aug-2019 7:27 PM","165ml, breast milk"
"Feeding","Bottle","26-Aug-2019 2:19 PM","26-Aug-2019 2:28 PM","150ml, breast milk"
"Feeding","Bottle","26-Aug-2019 10:02 AM","26-Aug-2019 10:10 AM","120ml, breast milk"
"Feeding","Bottle","26-Aug-2019 7:56 AM","26-Aug-2019 8:00 AM","75ml, breast milk"
"Feeding","Bottle","25-Aug-2019 9:04 PM","25-Aug-2019 9:08 PM","70ml, breast milk"
"Feeding","Bottle","25-Aug-2019 5:16 PM","25-Aug-2019 5:29 PM","160ml, breast milk"
"Feeding","Bottle","25-Aug-2019 2:38 PM","25-Aug-2019 2:48 PM","160ml, breast milk"
"Feeding","Bottle","25-Aug-2019 12:00 PM","25-Aug-2019 12:06 PM","120ml, breast milk"
"Feeding","Bottle","25-Aug-2019 7:57 AM","25-Aug-2019 8:01 AM","120ml, breast milk"
"Feeding","Bottle","24-Aug-2019 10:55 PM","24-Aug-2019 11:00 PM","110ml, breast milk"
"Feeding","Bottle","24-Aug-2019 7:55 PM","24-Aug-2019 8:00 PM","140ml, breast milk"
"Feeding","Bottle","24-Aug-2019 5:50 PM","24-Aug-2019 5:57 PM","95ml, breast milk"
"Feeding","Bottle","24-Aug-2019 2:06 PM","24-Aug-2019 2:14 PM","115ml, breast milk"
"Feeding","Bottle","24-Aug-2019 11:58 AM","24-Aug-2019 12:07 PM","140ml, breast milk"
"Feeding","Bottle","24-Aug-2019 9:11 AM","24-Aug-2019 9:18 AM","130ml, breast milk"
"Feeding","Bottle","23-Aug-2019 9:25 PM","23-Aug-2019 9:28 PM","60ml, breast milk"
"Feeding","Bottle","23-Aug-2019 8:11 PM","23-Aug-2019 8:17 PM","100ml, breast milk"
"Feeding","Bottle","23-Aug-2019 5:00 PM","23-Aug-2019 5:10 PM","160ml, breast milk"
"Feeding","Bottle","23-Aug-2019 1:15 PM","23-Aug-2019 1:24 PM","160ml, breast milk"
"Feeding","Bottle","23-Aug-2019 9:39 AM","23-Aug-2019 9:45 AM","120ml, breast milk"
"Feeding","Bottle","22-Aug-2019 10:55 PM","22-Aug-2019 11:00 PM","115ml, breast milk"
"Feeding","Bottle","22-Aug-2019 7:57 PM","22-Aug-2019 8:08 PM","160ml, breast milk"
"Feeding","Bottle","22-Aug-2019 4:13 PM","22-Aug-2019 4:21 PM","130ml, breast milk"
"Feeding","Bottle","22-Aug-2019 3:00 PM","22-Aug-2019 3:04 PM","60ml, breast milk"
"Feeding","Bottle","22-Aug-2019 1:00 PM","22-Aug-2019 1:07 PM","120ml, breast milk"
"Feeding","Bottle","22-Aug-2019 10:23 AM","22-Aug-2019 10:30 AM","155ml, breast milk"
"Feeding","Bottle","21-Aug-2019 9:52 PM","21-Aug-2019 10:00 PM","150ml, breast milk"
"Feeding","Bottle","21-Aug-2019 7:48 PM","21-Aug-2019 7:52 PM","85ml, breast milk"
"Feeding","Bottle","21-Aug-2019 6:45 PM","21-Aug-2019 6:49 PM","105ml, breast milk"
"Feeding","Bottle","21-Aug-2019 3:00 PM","21-Aug-2019 3:07 PM","150ml, breast milk"
"Feeding","Bottle","21-Aug-2019 1:04 PM","21-Aug-2019 1:09 PM","125ml, breast milk"
"Feeding","Bottle","21-Aug-2019 9:24 AM","21-Aug-2019 9:31 AM","150ml, breast milk"
"Feeding","Bottle","20-Aug-2019 10:57 PM","20-Aug-2019 11:02 PM","110ml, breast milk"
"Feeding","Bottle","20-Aug-2019 8:55 PM","20-Aug-2019 9:05 PM","130ml, breast milk"
"Feeding","Bottle","20-Aug-2019 6:30 PM","20-Aug-2019 6:35 PM","130ml, breast milk"
"Feeding","Bottle","20-Aug-2019 2:59 PM","20-Aug-2019 3:00 PM","25ml, breast milk"
"Feeding","Bottle","20-Aug-2019 12:57 PM","20-Aug-2019 1:00 PM","75ml, breast milk"
"Feeding","Bottle","20-Aug-2019 11:09 AM","20-Aug-2019 11:15 AM","130ml, breast milk"
"Feeding","Bottle","19-Aug-2019 11:00 PM","19-Aug-2019 11:04 PM","60ml, breast milk"
"Feeding","Bottle","19-Aug-2019 9:46 PM","19-Aug-2019 9:52 PM","105ml, breast milk"
"Feeding","Bottle","19-Aug-2019 7:03 PM","19-Aug-2019 7:11 PM","145ml, breast milk"
"Feeding","Bottle","19-Aug-2019 2:32 PM","19-Aug-2019 2:41 PM","160ml, breast milk"
"Feeding","Bottle","19-Aug-2019 9:58 AM","19-Aug-2019 10:05 AM","150ml, breast milk"
"Feeding","Bottle","18-Aug-2019 11:45 PM","18-Aug-2019 11:46 PM","20ml, breast milk"
"Feeding","Bottle","18-Aug-2019 8:34 PM","18-Aug-2019 8:46 PM","160ml, breast milk"
"Feeding","Bottle","18-Aug-2019 6:01 PM","18-Aug-2019 6:05 PM","75ml, breast milk"
"Feeding","Bottle","18-Aug-2019 3:29 PM","18-Aug-2019 3:38 PM","175ml, breast milk"
"Feeding","Bottle","18-Aug-2019 11:27 AM","18-Aug-2019 11:34 AM","145ml, breast milk"
"Feeding","Bottle","18-Aug-2019 7:08 AM","18-Aug-2019 7:19 AM","180ml, breast milk"
"Feeding","Bottle","17-Aug-2019 8:49 PM","17-Aug-2019 9:00 PM","160ml, breast milk"
"Feeding","Bottle","17-Aug-2019 5:54 PM","17-Aug-2019 6:05 PM","175ml, breast milk"
"Feeding","Bottle","17-Aug-2019 1:36 PM","17-Aug-2019 1:50 PM","150ml, breast milk"
"Feeding","Bottle","17-Aug-2019 10:12 AM","17-Aug-2019 10:22 AM","160ml, breast milk"
"Feeding","Bottle","16-Aug-2019 11:15 PM","16-Aug-2019 11:23 PM","90ml, breast milk"
"Feeding","Bottle","16-Aug-2019 7:55 PM","16-Aug-2019 8:05 PM","130ml, breast milk"
"Feeding","Bottle","16-Aug-2019 3:28 PM","16-Aug-2019 3:37 PM","150ml, breast milk"
"Feeding","Bottle","16-Aug-2019 11:39 AM","16-Aug-2019 11:50 AM","140ml, breast milk"
"Feeding","Bottle","16-Aug-2019 7:26 AM","16-Aug-2019 7:38 AM","140ml, breast milk"
"Feeding","Bottle","15-Aug-2019 8:58 PM","15-Aug-2019 9:06 PM","110ml, breast milk"
"Feeding","Bottle","15-Aug-2019 6:54 PM","15-Aug-2019 7:03 PM","115ml, breast milk"
"Feeding","Bottle","15-Aug-2019 2:33 PM","15-Aug-2019 2:40 PM","125ml, breast milk"
"Feeding","Bottle","15-Aug-2019 11:04 AM","15-Aug-2019 11:09 AM","125ml, breast milk"
"Feeding","Bottle","15-Aug-2019 9:01 AM","15-Aug-2019 9:07 AM","105ml, breast milk"
"Feeding","Bottle","14-Aug-2019 10:33 PM","14-Aug-2019 10:36 PM","60ml, breast milk"
"Feeding","Bottle","14-Aug-2019 8:35 PM","14-Aug-2019 8:47 PM","95ml, breast milk"
"Feeding","Bottle","14-Aug-2019 4:41 PM","14-Aug-2019 4:48 PM","85ml, breast milk"
"Feeding","Bottle","14-Aug-2019 2:07 PM","14-Aug-2019 2:12 PM","75ml, breast milk"
"Feeding","Bottle","14-Aug-2019 12:26 PM","14-Aug-2019 12:36 PM","150ml, breast milk"
"Feeding","Bottle","14-Aug-2019 9:05 AM","14-Aug-2019 9:10 AM","75ml, breast milk"
"Feeding","Bottle","13-Aug-2019 11:50 PM","13-Aug-2019 11:51 PM","30ml, breast milk"
"Feeding","Bottle","13-Aug-2019 10:45 PM","13-Aug-2019 10:56 PM","140ml, breast milk"
"Feeding","Bottle","13-Aug-2019 9:56 PM","13-Aug-2019 10:05 PM","60ml, breast milk"
"Feeding","Bottle","13-Aug-2019 7:40 PM","13-Aug-2019 7:45 PM","80ml, breast milk"
"Feeding","Bottle","13-Aug-2019 6:06 PM","13-Aug-2019 6:12 PM","120ml, breast milk"
"Feeding","Bottle","13-Aug-2019 2:28 PM","13-Aug-2019 2:43 PM","220ml, breast milk"
"Feeding","Bottle","13-Aug-2019 9:24 AM","13-Aug-2019 9:33 AM","140ml, breast milk"
"Feeding","Bottle","12-Aug-2019 9:45 PM","12-Aug-2019 10:00 PM","210ml, breast milk"
"Feeding","Bottle","12-Aug-2019 7:04 PM","12-Aug-2019 7:10 PM","90ml, breast milk"
"Feeding","Bottle","12-Aug-2019 4:58 PM","12-Aug-2019 5:13 PM","155ml, breast milk"
"Feeding","Bottle","12-Aug-2019 12:37 PM","12-Aug-2019 12:50 PM","150ml, breast milk"
"Feeding","Bottle","12-Aug-2019 9:54 AM","12-Aug-2019 10:05 AM","150ml, breast milk"
"Feeding","Bottle","11-Aug-2019 9:00 PM","11-Aug-2019 9:16 PM","180ml, breast milk"
"Feeding","Bottle","11-Aug-2019 6:17 PM","11-Aug-2019 6:31 PM","110ml, breast milk"
"Feeding","Bottle","11-Aug-2019 3:47 PM","11-Aug-2019 3:54 PM","55ml, breast milk"
"Feeding","Bottle","11-Aug-2019 12:45 PM","11-Aug-2019 12:57 PM","115ml, breast milk"
"Feeding","Bottle","11-Aug-2019 8:09 AM","11-Aug-2019 8:19 AM","150ml, breast milk"
"Feeding","Bottle","10-Aug-2019 10:00 PM","10-Aug-2019 10:15 PM","150ml, breast milk"
"Feeding","Bottle","10-Aug-2019 7:01 PM","10-Aug-2019 7:15 PM","180ml, breast milk"
"Feeding","Bottle","10-Aug-2019 3:11 PM","10-Aug-2019 3:26 PM","65ml, breast milk"
"Feeding","Bottle","10-Aug-2019 1:59 PM","10-Aug-2019 2:10 PM","45ml, breast milk"
"Feeding","Bottle","10-Aug-2019 11:13 AM","10-Aug-2019 11:30 AM","150ml, breast milk"
"Feeding","Bottle","10-Aug-2019 7:40 AM","10-Aug-2019 7:55 AM","150ml, breast milk"
"Feeding","Bottle","09-Aug-2019 10:21 PM","09-Aug-2019 10:30 PM","150ml, breast milk"
"Feeding","Bottle","09-Aug-2019 8:35 PM","09-Aug-2019 8:40 PM","50ml, breast milk"
"Feeding","Bottle","09-Aug-2019 7:44 PM","09-Aug-2019 7:55 PM","150ml, breast milk"
"Feeding","Bottle","09-Aug-2019 2:57 PM","09-Aug-2019 3:10 PM","145ml, breast milk"
"Feeding","Bottle","09-Aug-2019 1:00 PM","09-Aug-2019 1:12 PM","110ml, breast milk"
"Feeding","Bottle","09-Aug-2019 9:55 AM","09-Aug-2019 10:04 AM","120ml, breast milk"
"Feeding","Bottle","08-Aug-2019 10:36 PM","08-Aug-2019 10:39 PM","55ml, breast milk"
"Feeding","Bottle","08-Aug-2019 8:35 PM","08-Aug-2019 8:37 PM","70ml, breast milk"
"Feeding","Bottle","08-Aug-2019 6:36 PM","08-Aug-2019 6:44 PM","140ml, breast milk"
"Feeding","Bottle","08-Aug-2019 5:32 PM","08-Aug-2019 5:44 PM","150ml, breast milk"
"Feeding","Bottle","08-Aug-2019 12:59 PM","08-Aug-2019 1:07 PM","170ml, breast milk"
"Feeding","Bottle","08-Aug-2019 9:31 AM","08-Aug-2019 9:38 AM","135ml, breast milk"
"Feeding","Bottle","07-Aug-2019 10:22 PM","07-Aug-2019 10:35 PM","125ml, breast milk"
"Feeding","Bottle","07-Aug-2019 7:21 PM","07-Aug-2019 7:26 PM","110ml, breast milk"
"Feeding","Bottle","07-Aug-2019 4:49 PM","07-Aug-2019 5:01 PM","170ml, breast milk"
"Feeding","Bottle","07-Aug-2019 1:01 PM","07-Aug-2019 1:13 PM","150ml, breast milk"
"Feeding","Bottle","07-Aug-2019 9:32 AM","07-Aug-2019 9:41 AM","150ml, breast milk"
"Feeding","Bottle","06-Aug-2019 8:53 PM","06-Aug-2019 9:03 PM","170ml, breast milk"
"Feeding","Bottle","06-Aug-2019 5:34 PM","06-Aug-2019 5:46 PM","160ml, breast milk"
"Feeding","Bottle","06-Aug-2019 12:41 PM","06-Aug-2019 12:50 PM","120ml, breast milk"
"Feeding","Right Breast","06-Aug-2019 12:30 PM","06-Aug-2019 12:40 PM",""
"Feeding","Left Breast","06-Aug-2019 12:20 PM","06-Aug-2019 12:30 PM",""
"Feeding","Bottle","06-Aug-2019 9:35 AM","06-Aug-2019 9:40 AM","100ml, breast milk"
"Feeding","Bottle","05-Aug-2019 11:00 PM","05-Aug-2019 11:05 PM","110ml, breast milk"
"Feeding","Bottle","05-Aug-2019 10:25 PM","05-Aug-2019 10:30 PM","60ml, breast milk"
"Feeding","Bottle","05-Aug-2019 8:45 PM","05-Aug-2019 8:51 PM","80ml, breast milk"
"Feeding","Bottle","05-Aug-2019 4:20 PM","05-Aug-2019 4:28 PM","165ml, breast milk"
"Feeding","Bottle","05-Aug-2019 12:50 PM","05-Aug-2019 1:00 PM","160ml, breast milk"
"Feeding","Bottle","05-Aug-2019 8:31 AM","05-Aug-2019 8:41 AM","170ml, breast milk"
"Feeding","Bottle","04-Aug-2019 10:42 PM","04-Aug-2019 10:50 PM","140ml, breast milk"
"Feeding","Bottle","04-Aug-2019 7:52 PM","04-Aug-2019 8:00 PM","140ml, breast milk"
"Feeding","Bottle","04-Aug-2019 4:21 PM","04-Aug-2019 4:29 PM","150ml, breast milk"
"Feeding","Bottle","04-Aug-2019 12:19 PM","04-Aug-2019 12:27 PM","130ml, breast milk"
"Feeding","Bottle","04-Aug-2019 7:04 AM","04-Aug-2019 7:11 AM","100ml, breast milk"
"Feeding","Bottle","03-Aug-2019 9:45 PM","03-Aug-2019 10:00 PM","150ml, breast milk"
"Feeding","Bottle","03-Aug-2019 7:15 PM","03-Aug-2019 7:26 PM","130ml, breast milk"
"Feeding","Bottle","03-Aug-2019 3:30 PM","03-Aug-2019 3:39 PM","160ml, breast milk"
"Feeding","Bottle","03-Aug-2019 12:33 PM","03-Aug-2019 12:40 PM","150ml, breast milk"
"Feeding","Bottle","03-Aug-2019 6:38 AM","03-Aug-2019 6:44 AM","90ml, breast milk"
"Feeding","Bottle","02-Aug-2019 10:00 PM","02-Aug-2019 10:20 PM","130ml, breast milk"
"Feeding","Bottle","02-Aug-2019 5:57 PM","02-Aug-2019 6:06 PM","130ml, breast milk"
"Feeding","Bottle","02-Aug-2019 1:52 PM","02-Aug-2019 2:03 PM","145ml, breast milk"
"Feeding","Bottle","02-Aug-2019 11:38 AM","02-Aug-2019 11:44 AM","90ml, breast milk"
"Feeding","Bottle","02-Aug-2019 5:00 AM","02-Aug-2019 5:07 AM","140ml, breast milk"
"Feeding","Bottle","01-Aug-2019 7:34 PM","01-Aug-2019 7:45 PM","160ml, breast milk"
"Feeding","Bottle","01-Aug-2019 3:55 PM","01-Aug-2019 4:06 PM","140ml, breast milk"
"Feeding","Bottle","01-Aug-2019 11:32 AM","01-Aug-2019 11:40 AM","120ml, breast milk"
"Feeding","Bottle","01-Aug-2019 4:58 AM","01-Aug-2019 5:15 AM","130ml, breast milk"
"Feeding","Bottle","31-Jul-2019 7:40 PM","31-Jul-2019 7:48 PM","100ml, breast milk"
"Feeding","Bottle","31-Jul-2019 3:09 PM","31-Jul-2019 3:17 PM","110ml, breast milk"
"Feeding","Bottle","31-Jul-2019 11:18 AM","31-Jul-2019 11:35 AM","140ml, breast milk"
"Feeding","Bottle","31-Jul-2019 7:10 AM","31-Jul-2019 7:25 AM","150ml, breast milk"
"Feeding","Bottle","30-Jul-2019 7:33 PM","30-Jul-2019 7:45 PM","140ml, breast milk"
"Feeding","Bottle","30-Jul-2019 2:33 PM","30-Jul-2019 2:42 PM","140ml, breast milk"
"Feeding","Bottle","30-Jul-2019 11:35 AM","30-Jul-2019 11:39 AM","70ml, breast milk"
"Feeding","Bottle","30-Jul-2019 10:13 AM","30-Jul-2019 10:17 AM","70ml, breast milk"
"Feeding","Bottle","30-Jul-2019 6:25 AM","30-Jul-2019 6:29 AM","60ml, breast milk"
"Feeding","Bottle","30-Jul-2019 5:55 AM","30-Jul-2019 6:00 AM","80ml, breast milk"
"Feeding","Bottle","29-Jul-2019 10:29 PM","29-Jul-2019 10:39 PM","70ml, breast milk"
"Feeding","Bottle","29-Jul-2019 9:06 PM","29-Jul-2019 9:20 PM","70ml, breast milk"
"Feeding","Bottle","29-Jul-2019 6:28 PM","29-Jul-2019 6:40 PM","140ml, breast milk"
"Feeding","Bottle","29-Jul-2019 3:45 PM","29-Jul-2019 4:00 PM","130ml, breast milk"
"Feeding","Bottle","29-Jul-2019 11:20 AM","29-Jul-2019 11:38 AM","140ml, breast milk"
"Feeding","Bottle","29-Jul-2019 6:33 AM","29-Jul-2019 6:42 AM","110ml, breast milk"
"Feeding","Bottle","28-Jul-2019 10:50 PM","28-Jul-2019 11:00 PM","140ml, breast milk"
"Feeding","Bottle","28-Jul-2019 8:09 PM","28-Jul-2019 8:24 PM","140ml, breast milk"
"Feeding","Bottle","28-Jul-2019 4:55 PM","28-Jul-2019 5:09 PM","140ml, breast milk"
"Feeding","Bottle","28-Jul-2019 12:17 PM","28-Jul-2019 12:36 PM","135ml, breast milk"
"Feeding","Bottle","28-Jul-2019 9:55 AM","28-Jul-2019 10:00 AM","40ml, breast milk"
"Feeding","Bottle","28-Jul-2019 7:00 AM","28-Jul-2019 7:12 AM","140ml, breast milk"
"Feeding","Bottle","27-Jul-2019 10:14 PM","27-Jul-2019 10:25 PM","95ml, breast milk"
"Feeding","Bottle","27-Jul-2019 7:55 PM","27-Jul-2019 8:10 PM","145ml, breast milk"
"Feeding","Bottle","27-Jul-2019 5:05 PM","27-Jul-2019 5:15 PM","80ml, breast milk"
"Feeding","Bottle","27-Jul-2019 2:38 PM","27-Jul-2019 2:50 PM","80ml, breast milk"
"Feeding","Bottle","27-Jul-2019 1:05 PM","27-Jul-2019 1:20 PM","75ml, breast milk"
"Feeding","Bottle","27-Jul-2019 11:10 AM","27-Jul-2019 11:27 AM","95ml, breast milk"
"Feeding","Bottle","27-Jul-2019 8:18 AM","27-Jul-2019 8:30 AM","140ml, breast milk"
"Feeding","Bottle","26-Jul-2019 11:30 PM","26-Jul-2019 11:44 PM","130ml, breast milk"
"Feeding","Bottle","26-Jul-2019 9:20 PM","26-Jul-2019 9:25 PM","80ml, breast milk"
"Feeding","Bottle","26-Jul-2019 7:14 PM","26-Jul-2019 7:25 PM","120ml, breast milk"
"Feeding","Bottle","26-Jul-2019 4:52 PM","26-Jul-2019 5:10 PM","130ml, breast milk"
"Feeding","Bottle","26-Jul-2019 1:45 PM","26-Jul-2019 2:00 PM","125ml, breast milk"
"Feeding","Bottle","26-Jul-2019 8:40 AM","26-Jul-2019 8:58 AM","145ml, breast milk"
"Feeding","Bottle","26-Jul-2019 12:15 AM","26-Jul-2019 12:27 AM","140ml, breast milk"
"Feeding","Bottle","25-Jul-2019 8:13 PM","25-Jul-2019 8:25 PM","80ml, breast milk"
"Feeding","Bottle","25-Jul-2019 5:53 PM","25-Jul-2019 6:02 PM","130ml, breast milk"
"Feeding","Bottle","25-Jul-2019 1:05 PM","25-Jul-2019 1:24 PM","120ml, breast milk"
"Feeding","Bottle","25-Jul-2019 7:50 AM","25-Jul-2019 8:10 AM","110ml, breast milk"
"Feeding","Bottle","25-Jul-2019 12:38 AM","25-Jul-2019 12:45 AM","60ml, breast milk"
"Feeding","Bottle","24-Jul-2019 11:11 PM","24-Jul-2019 11:26 PM","140ml, breast milk"
"Feeding","Bottle","24-Jul-2019 6:43 PM","24-Jul-2019 6:57 PM","150ml, breast milk"
"Feeding","Bottle","24-Jul-2019 3:06 PM","24-Jul-2019 3:20 PM","120ml, breast milk"
"Feeding","Bottle","24-Jul-2019 1:35 PM","24-Jul-2019 1:59 PM","80ml, breast milk"
"Feeding","Bottle","24-Jul-2019 9:08 AM","24-Jul-2019 9:20 AM","140ml, breast milk"
"Feeding","Bottle","23-Jul-2019 11:38 PM","23-Jul-2019 11:54 PM","160ml, breast milk"
"Feeding","Bottle","23-Jul-2019 9:05 PM","23-Jul-2019 9:25 PM","140ml, breast milk"
"Feeding","Bottle","23-Jul-2019 5:45 PM","23-Jul-2019 5:55 PM","140ml, breast milk"
"Feeding","Bottle","23-Jul-2019 11:51 AM","23-Jul-2019 12:04 PM","140ml, breast milk"
"Feeding","Bottle","23-Jul-2019 7:20 AM","23-Jul-2019 7:30 AM","140ml, breast milk"
"Feeding","Bottle","22-Jul-2019 11:00 PM","22-Jul-2019 11:15 PM","140ml, breast milk"
"Feeding","Bottle","22-Jul-2019 6:57 PM","22-Jul-2019 7:07 PM","120ml, breast milk"
"Feeding","Bottle","22-Jul-2019 3:55 PM","22-Jul-2019 4:11 PM","130ml, breast milk"
"Feeding","Bottle","22-Jul-2019 1:15 PM","22-Jul-2019 1:26 PM","120ml, breast milk"
"Feeding","Bottle","22-Jul-2019 7:03 AM","22-Jul-2019 7:17 AM","130ml, breast milk"
"Feeding","Bottle","21-Jul-2019 11:00 PM","21-Jul-2019 11:23 PM","125ml, breast milk"
"Feeding","Bottle","21-Jul-2019 7:56 PM","21-Jul-2019 8:15 PM","105ml, breast milk"
"Feeding","Bottle","21-Jul-2019 2:29 PM","21-Jul-2019 2:44 PM","130ml, breast milk"
"Feeding","Bottle","21-Jul-2019 8:55 AM","21-Jul-2019 9:12 AM","130ml, breast milk"
"Feeding","Bottle","20-Jul-2019 11:42 PM","20-Jul-2019 11:57 PM","140ml, breast milk"
"Feeding","Bottle","20-Jul-2019 9:03 PM","20-Jul-2019 9:15 PM","90ml, breast milk"
"Feeding","Bottle","20-Jul-2019 5:21 PM","20-Jul-2019 5:38 PM","130ml, breast milk"
"Feeding","Bottle","20-Jul-2019 3:30 PM","20-Jul-2019 3:40 PM","50ml, breast milk"
"Feeding","Bottle","20-Jul-2019 1:45 PM","20-Jul-2019 1:55 PM","80ml, breast milk"
"Feeding","Bottle","20-Jul-2019 9:31 AM","20-Jul-2019 9:56 AM","130ml, breast milk"
"Feeding","Bottle","19-Jul-2019 11:20 PM","19-Jul-2019 11:58 PM","160ml, breast milk"
"Feeding","Bottle","19-Jul-2019 8:15 PM","19-Jul-2019 8:30 PM","50ml, breast milk"
"Feeding","Bottle","19-Jul-2019 7:22 PM","19-Jul-2019 7:30 PM","85ml, breast milk"
"Feeding","Bottle","19-Jul-2019 4:00 PM","19-Jul-2019 4:15 PM","65ml, breast milk"
"Feeding","Bottle","19-Jul-2019 11:45 AM","19-Jul-2019 12:01 PM","125ml, breast milk"
"Feeding","Bottle","19-Jul-2019 6:40 AM","19-Jul-2019 6:50 AM","100ml, breast milk"
"Feeding","Bottle","18-Jul-2019 10:15 PM","18-Jul-2019 10:30 PM","115ml, breast milk"
"Feeding","Bottle","18-Jul-2019 7:25 PM","18-Jul-2019 7:37 PM","140ml, breast milk"
"Feeding","Bottle","18-Jul-2019 2:55 PM","18-Jul-2019 3:14 PM","110ml, breast milk"
"Feeding","Bottle","18-Jul-2019 12:18 PM","18-Jul-2019 12:28 PM","85ml, breast milk"
"Feeding","Bottle","18-Jul-2019 7:24 AM","18-Jul-2019 7:44 AM","130ml, breast milk"
"Feeding","Bottle","17-Jul-2019 11:26 PM","17-Jul-2019 11:41 PM","120ml, breast milk"
"Feeding","Bottle","17-Jul-2019 7:51 PM","17-Jul-2019 8:11 PM","110ml, breast milk"
"Feeding","Bottle","17-Jul-2019 3:39 PM","17-Jul-2019 3:51 PM","130ml, breast milk"
"Feeding","Bottle","17-Jul-2019 10:53 AM","17-Jul-2019 11:06 AM","120ml, breast milk"
"Feeding","Bottle","17-Jul-2019 6:57 AM","17-Jul-2019 7:05 AM","90ml, breast milk"
"Feeding","Bottle","16-Jul-2019 10:11 PM","16-Jul-2019 10:24 PM","35ml, breast milk"
"Feeding","Bottle","16-Jul-2019 8:55 PM","16-Jul-2019 9:16 PM","85ml, breast milk"
"Feeding","Bottle","16-Jul-2019 5:52 PM","16-Jul-2019 6:05 PM","80ml, breast milk"
"Feeding","Bottle","16-Jul-2019 2:15 PM","16-Jul-2019 2:33 PM","95ml, breast milk"
"Feeding","Bottle","16-Jul-2019 11:29 AM","16-Jul-2019 11:48 AM","85ml, breast milk"
"Feeding","Bottle","16-Jul-2019 6:14 AM","16-Jul-2019 6:27 AM","130ml, breast milk"
"Feeding","Bottle","15-Jul-2019 10:35 PM","15-Jul-2019 10:51 PM","110ml, breast milk"
"Feeding","Bottle","15-Jul-2019 7:27 PM","15-Jul-2019 7:41 PM","130ml, breast milk"
"Feeding","Bottle","15-Jul-2019 3:27 PM","15-Jul-2019 3:40 PM","80ml, breast milk"
"Feeding","Bottle","15-Jul-2019 12:33 PM","15-Jul-2019 12:33 PM","30ml, breast milk"
"Feeding","Bottle","15-Jul-2019 7:45 AM","15-Jul-2019 8:00 AM","130ml, breast milk"
"Feeding","Bottle","14-Jul-2019 11:30 PM","14-Jul-2019 11:46 PM","95ml, breast milk"
"Feeding","Bottle","14-Jul-2019 10:39 PM","14-Jul-2019 10:43 PM","50ml, breast milk"
"Feeding","Bottle","14-Jul-2019 9:13 PM","14-Jul-2019 9:30 PM","100ml, breast milk"
"Feeding","Bottle","14-Jul-2019 5:15 PM","14-Jul-2019 5:30 PM","95ml, breast milk"
"Feeding","Bottle","14-Jul-2019 1:55 PM","14-Jul-2019 2:15 PM","130ml, breast milk"
"Feeding","Left Breast","14-Jul-2019 11:57 AM","14-Jul-2019 12:10 PM",""
"Feeding","Bottle","14-Jul-2019 6:40 AM","14-Jul-2019 6:57 AM","125ml, breast milk"
"Feeding","Bottle","13-Jul-2019 10:35 PM","13-Jul-2019 11:00 PM","150ml, breast milk"
"Feeding","Bottle","13-Jul-2019 6:10 PM","13-Jul-2019 6:30 PM","140ml, breast milk"
"Feeding","Bottle","13-Jul-2019 2:15 PM","13-Jul-2019 2:25 PM","80ml, breast milk"
"Feeding","Bottle","13-Jul-2019 1:25 PM","13-Jul-2019 1:35 PM","40ml, breast milk"
"Feeding","Bottle","13-Jul-2019 10:46 AM","13-Jul-2019 11:04 AM","110ml, breast milk"
"Feeding","Bottle","13-Jul-2019 6:18 AM","13-Jul-2019 6:31 AM","90ml, breast milk"
"Feeding","Bottle","12-Jul-2019 11:35 PM","12-Jul-2019 11:49 PM","90ml, breast milk"
"Feeding","Bottle","12-Jul-2019 9:30 PM","12-Jul-2019 9:41 PM","80ml, breast milk"
"Feeding","Bottle","12-Jul-2019 6:50 PM","12-Jul-2019 7:02 PM","80ml, breast milk"
"Feeding","Bottle","12-Jul-2019 5:29 PM","12-Jul-2019 5:43 PM","100ml, breast milk"
"Feeding","Bottle","12-Jul-2019 1:15 PM","12-Jul-2019 1:32 PM","85ml, breast milk"
"Feeding","Bottle","12-Jul-2019 9:34 AM","12-Jul-2019 9:51 AM","130ml, breast milk"
"Feeding","Bottle","12-Jul-2019 5:09 AM","12-Jul-2019 5:20 AM","130ml, breast milk"
"Feeding","Bottle","11-Jul-2019 9:07 PM","11-Jul-2019 9:19 PM","95ml, breast milk"
"Feeding","Bottle","11-Jul-2019 7:00 PM","11-Jul-2019 7:10 PM","70ml, breast milk"
"Feeding","Bottle","11-Jul-2019 2:31 PM","11-Jul-2019 2:45 PM","160ml, breast milk"
"Feeding","Bottle","11-Jul-2019 10:25 AM","11-Jul-2019 10:36 AM","115ml, breast milk"
"Feeding","Bottle","11-Jul-2019 6:45 AM","11-Jul-2019 7:04 AM","105ml, breast milk"
"Feeding","Bottle","10-Jul-2019 10:10 PM","10-Jul-2019 10:36 PM","145ml, breast milk"
"Feeding","Bottle","10-Jul-2019 6:35 PM","10-Jul-2019 6:45 PM","110ml, breast milk"
"Feeding","Bottle","10-Jul-2019 3:30 PM","10-Jul-2019 3:45 PM","110ml, breast milk"
"Feeding","Bottle","10-Jul-2019 12:00 PM","10-Jul-2019 12:15 PM","100ml, breast milk"
"Feeding","Bottle","10-Jul-2019 8:20 AM","10-Jul-2019 8:35 AM","100ml, breast milk"
"Feeding","Bottle","10-Jul-2019 4:06 AM","10-Jul-2019 4:17 AM","80ml, breast milk"
"Feeding","Bottle","09-Jul-2019 10:29 PM","09-Jul-2019 10:44 PM","110ml, breast milk"
"Feeding","Bottle","09-Jul-2019 7:46 PM","09-Jul-2019 7:58 PM","95ml, breast milk"
"Feeding","Bottle","09-Jul-2019 2:40 PM","09-Jul-2019 2:47 PM","70ml, breast milk"
"Feeding","Bottle","09-Jul-2019 12:43 PM","09-Jul-2019 12:55 PM","70ml, breast milk"
"Feeding","Bottle","09-Jul-2019 7:53 AM","09-Jul-2019 8:10 AM","140ml, breast milk"
"Feeding","Bottle","08-Jul-2019 11:43 PM","08-Jul-2019 11:52 PM","115ml, breast milk"
"Feeding","Bottle","08-Jul-2019 8:07 PM","08-Jul-2019 8:25 PM","120ml, breast milk"
"Feeding","Bottle","08-Jul-2019 3:35 PM","08-Jul-2019 3:42 PM","150ml, breast milk"
"Feeding","Bottle","08-Jul-2019 12:02 PM","08-Jul-2019 12:16 PM","140ml, breast milk"
"Feeding","Bottle","08-Jul-2019 6:38 AM","08-Jul-2019 6:49 AM","115ml, breast milk"
"Feeding","Bottle","07-Jul-2019 10:05 PM","07-Jul-2019 10:18 PM","140ml, breast milk"
"Feeding","Bottle","07-Jul-2019 6:30 PM","07-Jul-2019 6:44 PM","130ml, breast milk"
"Feeding","Bottle","07-Jul-2019 3:27 PM","07-Jul-2019 3:40 PM","80ml, breast milk"
"Feeding","Bottle","07-Jul-2019 11:36 AM","07-Jul-2019 11:47 AM","130ml, breast milk"
"Feeding","Bottle","07-Jul-2019 7:08 AM","07-Jul-2019 7:20 AM","120ml, breast milk"
"Feeding","Bottle","06-Jul-2019 10:51 PM","06-Jul-2019 11:09 PM","155ml, breast milk"
"Feeding","Bottle","06-Jul-2019 5:40 PM","06-Jul-2019 5:57 PM","120ml, breast milk"
"Feeding","Bottle","06-Jul-2019 1:05 PM","06-Jul-2019 1:18 PM","120ml, breast milk"
"Feeding","Bottle","06-Jul-2019 11:05 AM","06-Jul-2019 11:16 AM","85ml, breast milk"
"Feeding","Bottle","06-Jul-2019 5:58 AM","06-Jul-2019 6:11 AM","95ml, breast milk"
"Feeding","Bottle","05-Jul-2019 11:48 PM","05-Jul-2019 11:56 PM","120ml, breast milk"
"Feeding","Bottle","05-Jul-2019 9:00 PM","05-Jul-2019 9:14 PM","60ml, breast milk"
"Feeding","Bottle","05-Jul-2019 7:40 PM","05-Jul-2019 7:53 PM","60ml, breast milk"
"Feeding","Bottle","05-Jul-2019 5:01 PM","05-Jul-2019 5:19 PM","120ml, breast milk"
"Feeding","Bottle","05-Jul-2019 12:11 PM","05-Jul-2019 12:42 PM","120ml, breast milk"
"Feeding","Bottle","05-Jul-2019 7:05 AM","05-Jul-2019 7:28 AM","120ml, breast milk"
"Feeding","Bottle","04-Jul-2019 11:26 PM","04-Jul-2019 11:57 PM","120ml, breast milk"
"Feeding","Bottle","04-Jul-2019 8:06 PM","04-Jul-2019 8:20 PM","120ml, breast milk"
"Feeding","Bottle","04-Jul-2019 4:29 PM","04-Jul-2019 4:54 PM","120ml, breast milk"
"Feeding","Bottle","04-Jul-2019 1:41 PM","04-Jul-2019 1:55 PM","115ml, breast milk"
"Feeding","Bottle","04-Jul-2019 10:45 AM","04-Jul-2019 10:57 AM","100ml, breast milk"
"Feeding","Bottle","04-Jul-2019 7:53 AM","04-Jul-2019 8:05 AM","90ml, breast milk"
"Feeding","Bottle","04-Jul-2019 3:29 AM","04-Jul-2019 3:40 AM","110ml, breast milk"
"Feeding","Bottle","03-Jul-2019 11:00 PM","03-Jul-2019 11:16 PM","140ml, breast milk"
"Feeding","Bottle","03-Jul-2019 10:00 PM","03-Jul-2019 10:15 PM","100ml, breast milk"
"Feeding","Bottle","03-Jul-2019 6:55 PM","03-Jul-2019 7:07 PM","100ml, breast milk"
"Feeding","Bottle","03-Jul-2019 2:48 PM","03-Jul-2019 2:58 PM","130ml, breast milk"
"Feeding","Bottle","03-Jul-2019 11:10 AM","03-Jul-2019 11:20 AM","110ml, breast milk"
"Feeding","Bottle","03-Jul-2019 7:35 AM","03-Jul-2019 7:50 AM","120ml, breast milk"
"Feeding","Bottle","02-Jul-2019 11:30 PM","02-Jul-2019 11:45 PM","95ml, breast milk"
"Feeding","Bottle","02-Jul-2019 10:25 PM","02-Jul-2019 10:41 PM","130ml, breast milk"
"Feeding","Bottle","02-Jul-2019 6:30 PM","02-Jul-2019 6:40 PM","120ml, breast milk"
"Feeding","Bottle","02-Jul-2019 2:15 PM","02-Jul-2019 2:30 PM","120ml, breast milk"
"Feeding","Bottle","02-Jul-2019 11:15 AM","02-Jul-2019 11:26 AM","80ml, breast milk"
"Feeding","Bottle","02-Jul-2019 8:10 AM","02-Jul-2019 8:22 AM","110ml, breast milk"
"Feeding","Bottle","01-Jul-2019 10:20 PM","01-Jul-2019 10:35 PM","80ml, breast milk"
"Feeding","Bottle","01-Jul-2019 8:55 PM","01-Jul-2019 9:10 PM","120ml, breast milk"
"Feeding","Bottle","01-Jul-2019 3:29 PM","01-Jul-2019 3:47 PM","130ml, breast milk"
"Feeding","Bottle","01-Jul-2019 1:50 PM","01-Jul-2019 2:17 PM","75ml, breast milk"
"Feeding","Bottle","01-Jul-2019 11:35 AM","01-Jul-2019 11:55 AM","140ml, breast milk"
"Feeding","Bottle","01-Jul-2019 7:05 AM","01-Jul-2019 7:18 AM","140ml, breast milk"
"Feeding","Bottle","30-Jun-2019 11:30 PM","30-Jun-2019 11:54 PM","90ml, breast milk"
"Feeding","Bottle","30-Jun-2019 9:30 PM","30-Jun-2019 9:45 PM","110ml, breast milk"
"Feeding","Bottle","30-Jun-2019 6:43 PM","30-Jun-2019 6:51 PM","120ml, breast milk"
"Feeding","Bottle","30-Jun-2019 3:00 PM","30-Jun-2019 3:15 PM","110ml, breast milk"
"Feeding","Bottle","30-Jun-2019 11:30 AM","30-Jun-2019 12:10 PM","140ml, breast milk"
"Feeding","Bottle","30-Jun-2019 6:55 AM","30-Jun-2019 7:16 AM","140ml, breast milk"
"Feeding","Bottle","29-Jun-2019 11:30 PM","29-Jun-2019 11:48 PM","135ml, breast milk"
"Feeding","Bottle","29-Jun-2019 9:00 PM","29-Jun-2019 9:14 PM","120ml, breast milk"
"Feeding","Bottle","29-Jun-2019 6:00 PM","29-Jun-2019 6:17 PM","120ml, breast milk"
"Feeding","Bottle","29-Jun-2019 3:15 PM","29-Jun-2019 3:30 PM","120ml, breast milk"
"Feeding","Bottle","29-Jun-2019 12:00 PM","29-Jun-2019 12:20 PM","125ml, breast milk"
"Feeding","Bottle","29-Jun-2019 7:00 AM","29-Jun-2019 7:17 AM","120ml, breast milk"
"Feeding","Bottle","28-Jun-2019 11:00 PM","28-Jun-2019 11:17 PM","90ml, breast milk"
"Feeding","Bottle","28-Jun-2019 8:15 PM","28-Jun-2019 8:35 PM","120ml, breast milk"
"Feeding","Bottle","28-Jun-2019 5:30 PM","28-Jun-2019 5:47 PM","150ml, breast milk"
"Feeding","Bottle","28-Jun-2019 12:15 PM","28-Jun-2019 12:30 PM","120ml, breast milk"
"Feeding","Left Breast","28-Jun-2019 12:00 PM","28-Jun-2019 12:15 PM",""
"Feeding","Bottle","28-Jun-2019 7:30 AM","28-Jun-2019 7:46 AM","120ml, breast milk"
"Feeding","Bottle","28-Jun-2019 12:25 AM","28-Jun-2019 12:49 AM","150ml, breast milk"
"Feeding","Bottle","27-Jun-2019 10:30 PM","27-Jun-2019 10:45 PM","30ml, breast milk"
"Feeding","Bottle","27-Jun-2019 7:30 PM","27-Jun-2019 7:45 PM","75ml, breast milk"
"Feeding","Bottle","27-Jun-2019 5:30 PM","27-Jun-2019 5:45 PM","60ml, breast milk"
"Feeding","Bottle","27-Jun-2019 12:30 PM","27-Jun-2019 12:45 PM","115ml, breast milk"
"Feeding","Bottle","27-Jun-2019 8:30 AM","27-Jun-2019 8:58 AM","135ml, breast milk"
"Feeding","Right Breast","27-Jun-2019 8:10 AM","27-Jun-2019 8:25 AM",""
"Feeding","Bottle","27-Jun-2019 12:20 AM","27-Jun-2019 12:34 AM","60ml, breast milk"
"Feeding","Bottle","26-Jun-2019 7:30 PM","26-Jun-2019 8:00 PM","115ml, breast milk"
"Feeding","Bottle","26-Jun-2019 5:01 PM","26-Jun-2019 5:38 PM","140ml, breast milk"
"Feeding","Bottle","26-Jun-2019 1:30 PM","26-Jun-2019 1:45 PM","120ml, breast milk"
"Feeding","Bottle","26-Jun-2019 12:05 PM","26-Jun-2019 12:25 PM","95ml, breast milk"
"Feeding","Bottle","26-Jun-2019 8:09 AM","26-Jun-2019 8:30 AM","115ml, breast milk"
"Feeding","Bottle","26-Jun-2019 3:00 AM","26-Jun-2019 3:19 AM","120ml, breast milk"
"Feeding","Bottle","25-Jun-2019 8:16 PM","25-Jun-2019 8:36 PM","150ml, breast milk"
"Feeding","Bottle","25-Jun-2019 3:30 PM","25-Jun-2019 3:50 PM","100ml, breast milk"
"Feeding","Bottle","25-Jun-2019 12:10 PM","25-Jun-2019 12:30 PM","90ml, breast milk"
"Feeding","Bottle","25-Jun-2019 7:50 AM","25-Jun-2019 8:00 AM","30ml, breast milk"
"Feeding","Right Breast","25-Jun-2019 6:30 AM","25-Jun-2019 7:00 AM",""
"Feeding","Bottle","24-Jun-2019 11:25 PM","24-Jun-2019 11:42 PM","130ml, breast milk"
"Feeding","Bottle","24-Jun-2019 7:50 PM","24-Jun-2019 8:06 PM","140ml, breast milk"
"Feeding","Bottle","24-Jun-2019 3:10 PM","24-Jun-2019 3:28 PM","120ml, breast milk"
"Feeding","Bottle","24-Jun-2019 12:30 PM","24-Jun-2019 1:05 PM","70ml, breast milk"
"Feeding","Bottle","24-Jun-2019 7:15 AM","24-Jun-2019 7:50 AM","140ml, breast milk"
"Feeding","Bottle","23-Jun-2019 11:00 PM","23-Jun-2019 11:06 PM","50ml, breast milk"
"Feeding","Bottle","23-Jun-2019 10:35 PM","23-Jun-2019 10:59 PM","100ml, breast milk"
"Feeding","Left Breast","23-Jun-2019 10:10 PM","23-Jun-2019 10:21 PM",""
"Feeding","Bottle","23-Jun-2019 6:45 PM","23-Jun-2019 7:00 PM","120ml, breast milk"
"Feeding","Bottle","23-Jun-2019 2:35 PM","23-Jun-2019 2:44 PM","55ml, breast milk"
"Feeding","Bottle","23-Jun-2019 12:55 PM","23-Jun-2019 1:18 PM","80ml, breast milk"
"Feeding","Bottle","23-Jun-2019 6:55 AM","23-Jun-2019 7:15 AM","140ml, breast milk"
"Feeding","Bottle","22-Jun-2019 11:30 PM","22-Jun-2019 11:55 PM","160ml, breast milk"
"Feeding","Bottle","22-Jun-2019 7:38 PM","22-Jun-2019 7:58 PM","150ml, breast milk"
"Feeding","Bottle","22-Jun-2019 4:00 PM","22-Jun-2019 4:16 PM","120ml, breast milk"
"Feeding","Bottle","22-Jun-2019 11:45 AM","22-Jun-2019 12:06 PM","120ml, breast milk"
"Feeding","Bottle","22-Jun-2019 8:18 AM","22-Jun-2019 8:31 AM","150ml, breast milk"
"Feeding","Bottle","22-Jun-2019 4:25 AM","22-Jun-2019 4:41 AM","150ml, breast milk"
"Feeding","Bottle","21-Jun-2019 9:51 PM","21-Jun-2019 10:05 PM","45ml, breast milk"
"Feeding","Bottle","21-Jun-2019 8:00 PM","21-Jun-2019 8:31 PM","100ml, breast milk"
"Feeding","Right Breast","21-Jun-2019 7:45 PM","21-Jun-2019 7:55 PM",""
"Feeding","Left Breast","21-Jun-2019 7:30 PM","21-Jun-2019 7:40 PM",""
"Feeding","Bottle","21-Jun-2019 5:30 PM","21-Jun-2019 5:53 PM","80ml, breast milk"
"Feeding","Bottle","21-Jun-2019 1:30 PM","21-Jun-2019 1:54 PM","105ml, breast milk"
"Feeding","Bottle","21-Jun-2019 9:35 AM","21-Jun-2019 10:01 AM","120ml, breast milk"
"Feeding","Bottle","21-Jun-2019 3:41 AM","21-Jun-2019 3:58 AM","150ml, breast milk"
"Feeding","Bottle","20-Jun-2019 11:00 PM","20-Jun-2019 11:20 PM","110ml, breast milk"
"Feeding","Bottle","20-Jun-2019 9:30 PM","20-Jun-2019 9:45 PM","60ml, breast milk"
"Feeding","Left Breast","20-Jun-2019 9:15 PM","20-Jun-2019 9:30 PM",""
"Feeding","Right Breast","20-Jun-2019 9:00 PM","20-Jun-2019 9:15 PM",""
"Feeding","Bottle","20-Jun-2019 5:39 PM","20-Jun-2019 5:57 PM","145ml, breast milk"
"Feeding","Bottle","20-Jun-2019 1:13 PM","20-Jun-2019 1:27 PM","125ml, breast milk"
"Feeding","Bottle","20-Jun-2019 7:56 AM","20-Jun-2019 8:11 AM","150ml, breast milk"
"Feeding","Right Breast","19-Jun-2019 8:32 PM","19-Jun-2019 8:42 PM",""
"Feeding","Left Breast","19-Jun-2019 8:22 PM","19-Jun-2019 8:32 PM",""
"Feeding","Bottle","19-Jun-2019 8:05 PM","19-Jun-2019 8:22 PM","50ml, breast milk"
"Feeding","Bottle","19-Jun-2019 4:22 PM","19-Jun-2019 4:38 PM","140ml, breast milk"
"Feeding","Bottle","19-Jun-2019 12:48 PM","19-Jun-2019 1:02 PM","135ml, breast milk"
"Feeding","Bottle","19-Jun-2019 6:37 AM","19-Jun-2019 6:54 AM","150ml, breast milk"
"Feeding","Bottle","18-Jun-2019 9:00 PM","18-Jun-2019 9:13 PM","30ml, breast milk"
"Feeding","Bottle","18-Jun-2019 8:35 PM","18-Jun-2019 8:57 PM","120ml, breast milk"
"Feeding","Bottle","18-Jun-2019 4:52 PM","18-Jun-2019 5:12 PM","150ml, breast milk"
"Feeding","Bottle","18-Jun-2019 11:48 AM","18-Jun-2019 12:06 PM","150ml, breast milk"
"Feeding","Bottle","18-Jun-2019 6:47 AM","18-Jun-2019 7:06 AM","120ml, breast milk"
"Growth","Weight","17-Jun-2019 2:35 AM","17-Jun-2019 2:35 AM","5.5kg"
"Growth","Weight","30-May-2019 12:40 AM","30-May-2019 12:40 AM","4.96kg"
"Feeding","Left Breast","21-May-2019 10:50 PM","21-May-2019 11:25 PM",""
"Growth","Height","14-May-2019 3:08 AM","14-May-2019 3:08 AM","52.2cm"
"Growth","Head","14-May-2019 3:07 AM","14-May-2019 3:07 AM","36.6cm"
"Growth","Weight","14-May-2019 3:07 AM","14-May-2019 3:07 AM","4.5kg"
"Feeding","Right Breast","12-May-2019 2:00 PM","12-May-2019 2:30 PM",""
"Feeding","Left Breast","12-May-2019 8:30 AM","12-May-2019 9:00 AM",""
"Feeding","Bottle","12-May-2019 3:40 AM","12-May-2019 4:00 AM","40ml, breast milk"
"Feeding","Left Breast","12-May-2019 3:15 AM","12-May-2019 3:40 AM",""
"Growth","Height","23-Apr-2019 3:06 AM","23-Apr-2019 3:06 AM","49.5cm"
"Growth","Head","23-Apr-2019 3:05 AM","23-Apr-2019 3:05 AM","35cm"
"Growth","Weight","23-Apr-2019 3:05 AM","23-Apr-2019 3:05 AM","3.54kg"
"Growth","Head","22-Apr-2019 3:04 AM","22-Apr-2019 3:04 AM","33.5cm"
"Growth","Height","22-Apr-2019 3:03 AM","22-Apr-2019 3:03 AM","48.3cm"
"Growth","Weight","22-Apr-2019 3:02 AM","22-Apr-2019 3:02 AM","3.5kg"
"Feeding","Bottle","17-Apr-2019 8:25 AM","17-Apr-2019 8:35 AM","60ml, breast milk"
"Feeding","Left Breast","17-Apr-2019 8:05 AM","17-Apr-2019 8:25 AM",""
"Feeding","Right Breast","17-Apr-2019 7:45 AM","17-Apr-2019 8:05 AM",""
"Growth","Height","16-Apr-2019 3:00 AM","16-Apr-2019 3:00 AM","49.5cm"
"Growth","Weight","16-Apr-2019 3:00 AM","16-Apr-2019 3:00 AM","3.26kg"
"Pumping","Pump both","15-Apr-2019 6:40 PM","15-Apr-2019 6:40 PM","150ml"
"Growth","Head","15-Apr-2019 11:34 AM","15-Apr-2019 11:34 AM","34cm"
"Growth","Height","15-Apr-2019 11:33 AM","15-Apr-2019 11:33 AM","48.7cm"
"Growth","Weight","15-Apr-2019 11:33 AM","15-Apr-2019 11:33 AM","3.21kg"
"Pumping","Pump both","15-Apr-2019 9:30 AM","15-Apr-2019 10:00 AM","150ml"
"Pumping","Pump right","14-Apr-2019 1:10 AM","14-Apr-2019 1:30 AM","50ml"
"Pumping","Pump left","14-Apr-2019 12:50 AM","14-Apr-2019 1:10 AM","56ml"
"Feeding","Bottle","14-Apr-2019 12:45 AM","14-Apr-2019 1:05 AM","80ml, breast milk"
"Feeding","Bottle","13-Apr-2019 10:30 PM","13-Apr-2019 10:50 PM","80ml, breast milk"
"Feeding","Bottle","13-Apr-2019 7:30 PM","13-Apr-2019 7:55 PM","75ml, breast milk"
"Feeding","Bottle","13-Apr-2019 5:00 PM","13-Apr-2019 5:00 PM","70ml, breast milk"
"Feeding","Bottle","12-Apr-2019 3:00 PM","12-Apr-2019 3:25 PM","45ml, breast milk"
"Feeding","Left Breast","12-Apr-2019 2:10 PM","12-Apr-2019 2:40 PM",""
"Feeding","Bottle","12-Apr-2019 12:45 PM","12-Apr-2019 1:15 PM","45ml, breast milk"
"Feeding","Left Breast","12-Apr-2019 12:03 PM","12-Apr-2019 12:30 PM",""
"Feeding","Right Breast","12-Apr-2019 11:45 AM","12-Apr-2019 12:03 PM",""
"Feeding","Bottle","12-Apr-2019 8:00 AM","12-Apr-2019 8:30 AM","65ml, breast milk"
"Feeding","Bottle","12-Apr-2019 6:06 AM","12-Apr-2019 6:28 AM","45ml, breast milk"
"Feeding","Left Breast","12-Apr-2019 5:32 AM","12-Apr-2019 6:06 AM",""
"Feeding","Bottle","12-Apr-2019 1:30 AM","12-Apr-2019 2:15 AM","60ml, breast milk, 15+15+30"
"Feeding","Left Breast","12-Apr-2019 1:20 AM","12-Apr-2019 1:30 AM",""
"Feeding","Right Breast","12-Apr-2019 1:00 AM","12-Apr-2019 1:20 AM",""
"Feeding","Bottle","11-Apr-2019 10:30 PM","11-Apr-2019 10:50 PM","55ml, breast milk"
"Feeding","Bottle","11-Apr-2019 9:35 PM","11-Apr-2019 9:49 PM","15ml, breast milk"
"Feeding","Right Breast","11-Apr-2019 9:00 PM","11-Apr-2019 9:25 PM",""
"Feeding","Bottle","11-Apr-2019 6:30 PM","11-Apr-2019 6:50 PM","65ml, breast milk"
"Feeding","Bottle","11-Apr-2019 3:30 PM","11-Apr-2019 3:50 PM","30ml, breast milk"
"Feeding","Left Breast","11-Apr-2019 3:00 PM","11-Apr-2019 3:30 PM",""
"Growth","Weight","11-Apr-2019 10:44 AM","11-Apr-2019 10:44 AM","2.93kg"
"Growth","Height","10-Apr-2019 9:44 AM","10-Apr-2019 9:44 AM","48.8cm"
"Growth","Head","10-Apr-2019 9:44 AM","10-Apr-2019 9:44 AM","33.7cm"
"Growth","Weight","10-Apr-2019 9:43 AM","10-Apr-2019 9:43 AM","2.93kg"
"Growth","Weight","09-Apr-2019 7:03 PM","09-Apr-2019 7:03 PM","2.79kg"
"Feeding","Left Breast","09-Apr-2019 1:55 PM","09-Apr-2019 2:05 PM",""
"Feeding","Right Breast","08-Apr-2019 2:30 PM","08-Apr-2019 2:33 PM",""
"Growth","Weight","08-Apr-2019 11:51 AM","08-Apr-2019 11:51 AM","2.79kg"
"Feeding","Bottle","07-Apr-2019 6:05 PM","07-Apr-2019 6:30 PM","60ml, breast milk"
"Feeding","Right Breast","07-Apr-2019 5:30 PM","07-Apr-2019 5:38 PM",""
"Growth","Height","07-Apr-2019 11:52 AM","07-Apr-2019 11:52 AM","48cm"
"Growth","Head","07-Apr-2019 11:52 AM","07-Apr-2019 11:52 AM","33cm"
"Growth","Weight","07-Apr-2019 11:51 AM","07-Apr-2019 11:51 AM","2.72kg"
"Growth","Weight","06-Apr-2019 11:51 AM","06-Apr-2019 11:51 AM","2.66kg"
"Growth","Weight","05-Apr-2019 11:16 AM","05-Apr-2019 11:16 AM","2.57kg"
"Growth","Weight","04-Apr-2019 11:51 AM","04-Apr-2019 11:51 AM","2.56kg"
"Growth","Head","03-Apr-2019 4:37 PM","03-Apr-2019 4:37 PM","32cm"
"Growth","Weight","03-Apr-2019 3:46 PM","03-Apr-2019 3:46 PM","2.53kg"
"Feeding","Left Breast","03-Apr-2019 2:45 PM","03-Apr-2019 3:01 PM",""
"Growth","Weight","02-Apr-2019 4:33 PM","02-Apr-2019 4:33 PM","2.53kg"
"Growth","Weight","01-Apr-2019 4:37 PM","01-Apr-2019 4:37 PM","2.49kg"
"Growth","Weight","31-Mar-2019 4:40 PM","31-Mar-2019 4:40 PM","2.44kg"
"Growth","Height","31-Mar-2019 4:37 PM","31-Mar-2019 4:37 PM","46.7cm"
"Growth","Weight","30-Mar-2019 6:33 PM","30-Mar-2019 6:33 PM","2.43kg"
"Feeding","Right Breast","30-Mar-2019 11:40 AM","30-Mar-2019 11:43 AM",""
"Growth","Weight","29-Mar-2019 1:24 PM","29-Mar-2019 1:24 PM","2.36kg"
"Feeding","Left Breast","29-Mar-2019 11:38 AM","29-Mar-2019 11:46 AM",""
"Feeding","Left Breast","28-Mar-2019 2:45 PM","28-Mar-2019 2:47 PM",""
"Growth","Weight","28-Mar-2019 1:24 PM","28-Mar-2019 1:24 PM","2.35kg"
"Growth","Weight","27-Mar-2019 1:24 PM","27-Mar-2019 1:24 PM","2.24kg"
"Feeding","Left Breast","26-Mar-2019 3:00 PM","26-Mar-2019 3:10 PM",""
"Growth","Weight","26-Mar-2019 1:24 PM","26-Mar-2019 1:24 PM","2.23kg"
"Pumping","Pump right","25-Mar-2019 3:12 PM","25-Mar-2019 3:24 PM","28ml"
"Pumping","Pump left","25-Mar-2019 3:00 PM","25-Mar-2019 3:12 PM","12ml"
"Feeding","Left Breast","25-Mar-2019 2:45 PM","25-Mar-2019 2:59 PM",""
"Pumping","Pump both","25-Mar-2019 2:30 PM","25-Mar-2019 2:35 PM","58ml"
"Growth","Weight","25-Mar-2019 12:03 PM","25-Mar-2019 12:03 PM","2.19kg"
"Growth","Height","24-Mar-2019 1:21 PM","24-Mar-2019 1:21 PM","46cm"
"Growth","Head","24-Mar-2019 1:20 PM","24-Mar-2019 1:20 PM","32cm"
"Growth","Weight","24-Mar-2019 12:02 PM","24-Mar-2019 12:02 PM","2.19kg"
"Growth","Weight","23-Mar-2019 12:02 PM","23-Mar-2019 12:02 PM","2.17kg"
"Growth","Weight","22-Mar-2019 12:02 PM","22-Mar-2019 12:02 PM","2.1kg"
"Health","Medication","22-Mar-2019 12:10 AM","22-Mar-2019 12:10 AM","Pediatric MVI 0.5 ml BID"
"Feeding","Right Breast","21-Mar-2019 11:35 PM","21-Mar-2019 11:44 PM",""
"Growth","Weight","21-Mar-2019 2:54 PM","21-Mar-2019 2:54 PM","2.098kg"
"Feeding","Right Breast","21-Mar-2019 2:10 PM","21-Mar-2019 2:15 PM",""
"Growth","Weight","21-Mar-2019 12:02 PM","21-Mar-2019 12:02 PM","2.08kg"
"Leisure","Bath time","21-Mar-2019 11:15 AM","21-Mar-2019 11:30 AM",""
"Pumping","Pump right","20-Mar-2019 3:25 PM","20-Mar-2019 3:35 PM","19ml"
"Pumping","Pump left","20-Mar-2019 3:15 PM","20-Mar-2019 3:25 PM","24ml"
"Feeding","Left Breast","20-Mar-2019 2:30 PM","20-Mar-2019 2:33 PM",""
"Feeding","Left Breast","20-Mar-2019 12:21 PM","20-Mar-2019 12:26 PM",""
"Pumping","Pump right","20-Mar-2019 8:29 AM","20-Mar-2019 8:50 AM","39ml"
"Pumping","Pump left","20-Mar-2019 8:17 AM","20-Mar-2019 8:29 AM","50ml"
"Growth","Weight","20-Mar-2019 4:45 AM","20-Mar-2019 4:45 AM","2.013kg"
"Pumping","Pump both","19-Mar-2019 9:19 PM","19-Mar-2019 9:34 PM","60ml"
"Feeding","Left Breast","19-Mar-2019 9:19 PM","19-Mar-2019 9:47 PM",""
"Growth","Weight","19-Mar-2019 12:01 PM","19-Mar-2019 12:01 PM","2.03kg"
"Growth","Weight","18-Mar-2019 12:01 PM","18-Mar-2019 12:01 PM","1.99kg"
"Growth","Head","17-Mar-2019 3:02 PM","17-Mar-2019 3:02 PM","31.4cm"
"Growth","Height","17-Mar-2019 3:00 PM","17-Mar-2019 3:00 PM","46cm"
"Growth","Weight","17-Mar-2019 12:01 PM","17-Mar-2019 12:01 PM","1.98kg"
"Growth","Weight","16-Mar-2019 2:56 PM","16-Mar-2019 2:56 PM","1.899kg"
"Growth","Weight","16-Mar-2019 12:01 PM","16-Mar-2019 12:01 PM","1.91kg"
"Growth","Weight","15-Mar-2019 12:00 PM","15-Mar-2019 12:00 PM","1.89kg"
"Growth","Weight","14-Mar-2019 1:54 PM","14-Mar-2019 1:54 PM","1.871kg"
"Growth","Weight","14-Mar-2019 12:00 PM","14-Mar-2019 12:00 PM","1.88kg"
"Growth","Weight","13-Mar-2019 12:00 PM","13-Mar-2019 12:00 PM","1.87kg"
"Growth","Weight","13-Mar-2019 11:59 AM","13-Mar-2019 11:59 AM","1.86kg"
"Growth","Weight","12-Mar-2019 2:55 PM","12-Mar-2019 2:55 PM","1.871kg"
"Growth","Weight","11-Mar-2019 11:58 AM","11-Mar-2019 11:58 AM","1.89kg"
"Growth","Weight","10-Mar-2019 2:55 PM","10-Mar-2019 2:55 PM","1.984kg"
"Growth","Weight","10-Mar-2019 11:58 AM","10-Mar-2019 11:58 AM","1.97kg"
"Growth","Weight","09-Mar-2019 11:57 AM","09-Mar-2019 11:57 AM","1.99kg"
"Growth","Weight","08-Mar-2019 11:57 AM","08-Mar-2019 11:57 AM","2.1kg"
"Growth","Head","07-Mar-2019 2:59 PM","07-Mar-2019 2:59 PM","31cm"
"Growth","Height","07-Mar-2019 1:51 PM","07-Mar-2019 1:51 PM","41.9cm"
"Growth","Weight","07-Mar-2019 4:45 AM","07-Mar-2019 4:45 AM","2.126kg"
